btp_post_card__img src,badge
https://media.deepgoretube.site/uploads/2022/05/Mass-shooting-in-Buffalo-New-York-EXTENDED-VERSION-Photo-0001.jpg,720p
https://media.deepgoretube.site/uploads/2022/05/Full-video-of-Buffalo-NY-mass-shooting-Photo-0001.jpg,720p
https://media.deepgoretube.site/uploads/2022/05/Man-crushes-english-man-face-with-1kg-dumbbell-in-gym-Photo-0001.jpg,480p
https://media.deepgoretube.site/uploads/2022/05/Brutal-blending-machine-Photo-0001.jpg,480p
https://media.deepgoretube.site/uploads/2022/05/Drugged-son-cuts-fathers-throat-and-tongue-after-argument-in-Brazil-Photo-0001.jpg,1080p
https://media.deepgoretube.site/uploads/2022/05/Fatal-traffic-accident-Photo-0001.jpg,720p
https://media.deepgoretube.site/uploads/2022/05/Gang-fight-ends-in-death-of-several-people-Photo-0001.jpg,480p
https://media.deepgoretube.site/uploads/2022/05/Macabre-machete-fight-but-no-one-dies-Photo-0001.jpg,480p
https://media.deepgoretube.site/uploads/2022/05/Rival-faction-member-being-executed-Photo-0001.jpg,480p
https://media.deepgoretube.site/uploads/2022/05/Amazing-horse-autopsy-Photo-0001.jpg,480p
https://media.deepgoretube.site/uploads/2022/05/Fighting-drunk-in-the-street-Photo-0001.jpg,480p
https://media.deepgoretube.site/uploads/2022/05/He-took-a-married-woman-and-was-badly-beaten-Photo-0001.jpg,480p
https://media.deepgoretube.site/uploads/2022/05/Man-suffers-a-terrible-car-accident-and-soon-after-he-is-helped-by-a-beautiful-woman-Photo-0001.jpg,480p
https://media.deepgoretube.site/uploads/2022/05/Muslim-girl-being-beaten-up-by-her-own-family-members-for-falling-in-love-with-a-man-they-didnt-approve-of-Photo-0001.jpg,480p
https://media.deepgoretube.site/uploads/2022/05/Woman-being-stoned-Photo-0001.jpg,480p
https://media.deepgoretube.site/uploads/2022/05/Man-in-helmet-stabs-woman-Photo-0001.jpg,360p
https://media.deepgoretube.site/uploads/2022/05/1113-Ukrainian-soldier-killed-during-a-Russian-assault-Photo-0001.jpg,480p
https://media.deepgoretube.site/uploads/2022/05/Man-spun-to-death-in-factory-accident-Photo-0001.jpg,480p
https://media.deepgoretube.site/uploads/2022/05/Woman-is-shot-in-the-head-in-cold-blood-during-a-robbery-at-a-restaurant-in-Brazil-Photo-0001.jpg,480p
https://media.deepgoretube.site/uploads/2022/05/Young-woman-executed-in-Brazil-Photo-0001.jpg,480p
https://media.deepgoretube.site/uploads/2022/05/Ukrainian-soldier-killed-in-ambush-Photo-0001.jpg,1080p
https://media.deepgoretube.site/uploads/2022/05/Man-being-tortured-eletrocuted-in-Africa-Photo-0001.jpg,480p
https://media.deepgoretube.site/uploads/2022/05/TORTURE-Photo-0001.jpg,480p
https://media.deepgoretube.site/uploads/2022/05/Canibalism-Photo-0001.jpg,720p
https://media.deepgoretube.site/uploads/2022/05/Man-gets-run-crushed-Photo-0001.jpg,480p
https://media.deepgoretube.site/uploads/2022/05/Man-show-genital-to-children-gets-his-prize-Photo-0001.jpg,480p
https://media.deepgoretube.site/uploads/2022/05/Not-too-much-but-shit-burns-like-a-fucker-Photo-0001.jpg,360p
https://media.deepgoretube.site/uploads/2022/05/A-man-in-a-white-shirt-was-massacred-by-a-group-of-gangsters-in-Brazil-Photo-0001.jpg,480p
https://media.deepgoretube.site/uploads/2022/05/A-man-in-russia-has-a-grudge-with-his-friend-so-throws-a-5kg-iron-barbell-while-sleeping-Photo-0001.jpg,480p
https://media.deepgoretube.site/uploads/2022/05/Making-deep-cuts-in-my-skin-Photo-0001.jpg,720p
https://media.deepgoretube.site/uploads/2022/05/Cutting-myself-3-Photo-0001.jpg,480p
https://media.deepgoretube.site/uploads/2022/05/Nigerian-policewoman-and-her-husband-are-brutally-beheaded-Photo-0001.jpg,720p
https://media.deepgoretube.site/uploads/2022/05/Guys-killing-the-guy-who-owned-them-money-ig-Photo-0001.jpg,1080p
https://media.deepgoretube.site/uploads/2022/05/Talk-shit-get-shot-Photo-0001.jpg,360p
https://media.deepgoretube.site/uploads/2022/05/German-Shepherd-picks-up-an-explosive-planted-by-its-owner-Photo-0001.jpg,360p
https://media.deepgoretube.site/uploads/2022/05/A-young-man-dies-while-playing-fireworks-while-celebrating-Eid-in-Indonesia-Photo-0001.jpg,1080p
https://media.deepgoretube.site/uploads/2022/05/Cutting-my-arm-Photo-0001.jpg,1080p
https://media.deepgoretube.site/uploads/2022/05/Black-people-in-Brazil-caught-cheating-and-having-sex-and-then-shot-dead-by-their-husbands-Photo-0001.jpg,720p
https://media.deepgoretube.site/uploads/2022/05/Some-old-cut-art-Photo-0001.jpg,1080p
https://media.deepgoretube.site/uploads/2022/04/41-civilians-murdered-in-a-brutal-way-by-the-Syrian-Army-Photo-0001.jpg,720p
https://media.deepgoretube.site/uploads/2022/04/Scuffle-between-Civilian-and-CCP-in-the-mandatory-epidemic-prevention-policy-Photo-0001.jpg,480p
https://media.deepgoretube.site/uploads/2022/04/Traffic-accident-in-Brazil-kills-motorcyclist-Photo-0001.jpg,480p
https://media.deepgoretube.site/uploads/2022/04/Guys-shoot-man-dead-in-the-street-with-military-AR-until-his-head-looks-like-meat-chunks-Photo-0001.jpg,480p
https://media.deepgoretube.site/uploads/2022/04/Subscribers-ask-they-get-active-cutting-Photo-0001.jpg,1080p
https://media.deepgoretube.site/uploads/2022/04/Some-lowly-cuts-Photo-0001.jpg,1080p
https://media.deepgoretube.site/uploads/2022/04/Watch-me-bleed-Photo-0001.jpg,360p
https://media.deepgoretube.site/uploads/2022/04/Hit-and-run-Photo-0001.jpg,480p
https://media.deepgoretube.site/uploads/2022/04/Woman-gets-shot-in-the-face-Photo-0001.jpg,720p
https://media.deepgoretube.site/uploads/2022/04/Off-duty-police-shoot-assets-and-prevent-robbery-in-Brazil-Photo-0001.jpg,720p
https://media.deepgoretube.site/uploads/2022/04/Some-old-scars-and-some-new-ones-Photo-0001.jpg,1080p
https://media.deepgoretube.site/uploads/2022/04/Elder-woman-shot-dead-Las-plagas-and-Etheard-are-sussy-Photo-0001.jpg,480p
https://media.deepgoretube.site/uploads/2022/04/Trying-out-a-new-blade-Photo-0001.jpg,1080p
https://media.deepgoretube.site/uploads/2022/04/Iskander-missile-explodes-in-Cherkassky-and-turns-night-into-day-for-a-few-seconds-in-Russia-vs-Ukraine-war-Photo-0001.jpg,360p
https://media.deepgoretube.site/uploads/2022/04/Compilation-of-dead-soldiers-and-destroyed-military-equipment-in-Ukraine-Russia-VS-Ukraine-5-Photo-0001.jpg,480p
https://media.deepgoretube.site/uploads/2022/04/Son-kills-his-own-father-in-a-market-in-the-city-of-Araucaria-Brazil-Photo-0001.jpg,480p
https://media.deepgoretube.site/uploads/2022/04/Finally-got-a-blade-Photo-0001.jpg,360p
https://media.deepgoretube.site/uploads/2022/04/Woman-sets-fire-to-homeless-man-who-was-sleeping-on-the-sidewalk-Photo-0001.jpg,720p
https://media.deepgoretube.site/uploads/2022/04/Teenager-self-harms-Photo-0001.jpg,720p
https://media.deepgoretube.site/uploads/2022/04/Savages-target-an-innocent-girl-Photo-0001.jpg,720p
https://media.deepgoretube.site/uploads/2022/04/Necrophilia-Mad-man-with-no-heart-sexually-violates-a-womans-corpse-Photo-0001.jpg,720p
https://media.deepgoretube.site/uploads/2022/04/Wives-blood-and-something-else-Photo-0001.jpg,480p
https://media.deepgoretube.site/uploads/2022/04/Rat-goes-for-a-spin-Photo-0001.jpg,480p
https://media.deepgoretube.site/uploads/2022/04/Ostrich-rips-its-own-head-off-Photo-0001.jpg,720p
https://media.deepgoretube.site/uploads/2022/04/Man-with-his-leg-destroyed-after-being-hit-by-a-train-Photo-0001.jpg,480p
https://media.deepgoretube.site/uploads/2022/04/Torture-in-Africa-Photo-0001.jpg,480p
https://media.deepgoretube.site/uploads/2022/04/Motorcyclist-suffers-unbelievable-traffic-accident-and-turns-pirouettes-in-the-air-Photo-0001.jpg,480p
https://media.deepgoretube.site/uploads/2022/04/Women-fight-in-the-favela-in-Brazil-to-make-anyone-hot-blooded-Photo-0001.jpg,720p
https://media.deepgoretube.site/uploads/2022/04/Man-jailed-for-19-months-after-hitting-another-in-the-face-with-a-44-pound-dumbbell-in-the-gym-Photo-0001.jpg,480p
https://media.deepgoretube.site/uploads/2022/04/Russian-tank-convoy-being-destroyed-by-Ukrainian-drone-Photo-0001.jpg,360p
https://media.deepgoretube.site/uploads/2022/04/Kiev-curfew-Soldiers-capture-the-old-man-and-hit-him-over-the-head-with-a-butt-Photo-0001.jpg,720p
https://media.deepgoretube.site/uploads/2022/04/Soldiers-killed-as-a-result-of-the-war-in-Ukraine-Russia-VS-Ukraine-4-Photo-0001.jpg,480p
https://media.deepgoretube.site/uploads/2022/04/Sudden-accident-causes-sad-and-abominable-death-in-working-hours-Photo-0001.jpg,480p
https://media.deepgoretube.site/uploads/2022/04/Pedestrian-is-hit-by-giant-block-of-ice-while-walking-down-the-street-Photo-0001.jpg,480p
https://media.deepgoretube.site/uploads/2022/04/Man-has-face-crushed-by-baseball-bat-blows-by-drug-dealers-in-Russia-Photo-0001.jpg,480p
https://media.deepgoretube.site/uploads/2022/04/Gang-member-kills-rival-with-wooden-blows-to-the-head-in-Brazil-Photo-0001.jpg,720p
https://media.deepgoretube.site/uploads/2022/04/Woman-is-killed-with-more-than-70-stab-wounds-in-Chile-and-cameras-film-everything-Photo-0001.jpg,480p
https://media.deepgoretube.site/uploads/2022/04/Girl-dies-without-clothes-from-drug-overdose-in-favela-in-Brazil-Photo-0001.jpg,480p
https://media.deepgoretube.site/uploads/2022/04/Man-found-dead-with-his-viscera-out-of-his-belly-on-a-dirt-road-in-Brazil-Photo-0001.jpg,480p
https://media.deepgoretube.site/uploads/2022/04/Dude-being-executed-by-gunman-in-broad-daylight-in-Brazil-Photo-0001.jpg,480p
https://media.deepgoretube.site/uploads/2022/04/Man-involved-with-the-world-of-crime-being-partially-beheaded-in-Brazil-Photo-0001.jpg,480p
https://media.deepgoretube.site/uploads/2022/04/Watch-me-cut-my-leg-with-scissors-Photo-0001.jpg,360p
https://media.deepgoretube.site/uploads/2022/03/Man-being-brutally-beheaded-by-rival-Cartel-members-in-Mexico-A-pool-of-blood-forms-on-the-floor-Photo-0001.jpg,480p
https://media.deepgoretube.site/uploads/2022/03/Suicide-does-painless-self-mutilation-Photo-0001.jpg,480p
https://media.deepgoretube.site/uploads/2022/03/A-really-fast-swipe-Photo-0001.jpg,720p
https://media.deepgoretube.site/uploads/2022/03/Long-Piece-of-skin-from-leg-Photo-0001.jpg,720p
https://media.deepgoretube.site/uploads/2022/03/Girl-gets-bit-on-her-py-during-a-fight-Photo-0001.jpg,1080p
https://media.deepgoretube.site/uploads/2022/03/Guy-cut-his-own-throat-Photo-0001.jpg,480p
https://media.deepgoretube.site/uploads/2022/03/A-big-one-Photo-0001.jpg,720p
https://media.deepgoretube.site/uploads/2022/03/Venezuelan-chamo-is-riddled-by-toad-Photo-0001.jpg,480p
https://media.deepgoretube.site/uploads/2022/03/Man-commits-self-immolation-in-Punjab-an-India-state-and-turns-hilmself-into-a-fireball-before-hellish-death-Photo-0001.jpg,720p
https://media.deepgoretube.site/uploads/2022/03/Combatants-killed-in-the-midst-of-the-war-in-Ukraine-Russia-VS-Ukraine-3-Photo-0001.jpg,360p
https://media.deepgoretube.site/uploads/2022/03/Russian-soldiers-are-ambushed-in-a-parking-lot-in-Kiev-Ukraine-All-three-3-Russian-soldiers-were-killed-Photo-0001.jpg,480p
https://media.deepgoretube.site/uploads/2022/03/Russian-soldiers-burned-as-a-result-of-the-war-in-Ukraine-Photo-0001.jpg,480p
https://media.deepgoretube.site/uploads/2022/03/Ukrainian-civilian-car-massacred-by-Russian-attack-Photo-0001.jpg,480p
https://media.deepgoretube.site/uploads/2022/03/Alleged-Russian-soldier-with-his-ass-blown-up-by-a-missile-strike-Photo-0001.jpg,720p
https://media.deepgoretube.site/uploads/2022/03/Russia-uses-bigger-and-more-explosive-bombs-in-video-compilation-of-the-war-in-Ukraine-Russia-VS-Ukraine-2-Photo-0001.jpg,720p
https://media.deepgoretube.site/uploads/2022/03/Alleged-Russian-soldier-killed-in-sunny-Ukraine-region-Judging-by-the-camouflage-hes-from-the-special-forces-Photo-0001.jpg,360p
https://media.deepgoretube.site/uploads/2022/03/Video-compilation-of-the-war-in-Ukraine-Russia-VS-Ukraine-1-Photo-0001.jpg,360p
https://media.deepgoretube.site/uploads/2022/03/Missile-attack-by-Russian-plane-makes-child-cry-in-Ukraine-Photo-0001.jpg,720p
https://media.deepgoretube.site/uploads/2022/03/Alleged-Russian-soldier-killed-and-Russian-equipment-destroyed-in-North-Kharkiv-Ukraine-Photo-0001.jpg,240p
https://media.deepgoretube.site/uploads/2022/03/Woman-is-stabbed-several-times-during-attempted-robbery-in-Brazil-Photo-0001.jpg,480p
https://media.deepgoretube.site/uploads/2022/03/Girl-eats-her-own-vomit-Photo-0001.jpg,480p
https://media.deepgoretube.site/uploads/2022/03/Ukrainian-cyclist-is-hit-by-Russian-missile-during-inhumane-attack-and-explodes-into-the-air-Photo-0001.jpg,480p
https://media.deepgoretube.site/uploads/2022/03/Russian-fighter-jets-and-bodies-of-Ukraine-soldiers-killed-in-battle-Innocent-civilians-blown-out-of-vehicles-Warning-Graphic-Photo-0001.jpg,360p
https://media.deepgoretube.site/uploads/2022/03/Russian-missile-hits-airport-as-people-try-to-flee-to-western-Ukraine-Photo-0001.jpg,360p
https://media.deepgoretube.site/uploads/2022/03/Russian-air-defense-being-destroyed-by-Ukraine-Bayraktar-Photo-0001.jpg,720p
https://media.deepgoretube.site/uploads/2022/02/Russian-soldier-posts-videos-on-TikTok-hours-before-entering-Ukraine-An-hour-later-he-is-found-with-his-head-blown-off-Photo-0001.jpg,480p
https://media.deepgoretube.site/uploads/2022/02/Ukrainian-civilians-shot-at-by-russian-army-Photo-0001.jpg,480p
https://media.deepgoretube.site/uploads/2022/02/Motorcyclist-on-a-motorcycle-is-brutally-hit-by-a-speeding-car-while-making-an-irregular-turn-Photo-0001.jpg,480p
https://media.deepgoretube.site/uploads/2022/02/Worker-nearly-killed-by-killer-elevator-somewhere-in-Asia-Photo-0001.jpg,480p
https://media.deepgoretube.site/uploads/2022/02/Russian-army-tank-crushes-civilian-car-in-Ukraine-during-invasion-for-no-apparent-reason-Photo-0001.jpg,360p
https://media.deepgoretube.site/uploads/2022/02/Russian-military-tank-shoots-at-civilian-car-in-Ukraine-during-war-Photo-0001.jpg,480p
https://media.deepgoretube.site/uploads/2022/02/Russian-military-helicopter-attacking-Ukrainian-military-convoy-on-the-road-in-Russia-VS-Ukraine-war-Photo-0001.jpg,720p
https://media.deepgoretube.site/uploads/2022/02/Alleged-Ukrainian-soldier-firing-anti-aircraft-missile-at-alleged-Russian-fighter-jet-during-Russo-Ukraine-war-Photo-0001.jpg,1080p
https://media.deepgoretube.site/uploads/2022/02/Russia-VS-Ukraine-War-Missile-attack-on-residential-building-in-Kiev-Photo-0001.jpg,720p
https://media.deepgoretube.site/uploads/2022/02/Russian-bombing-in-Ukraine-Photo-0001.jpg,360p
https://media.deepgoretube.site/uploads/2022/02/Bodies-are-burned-to-clods-in-horrific-traffic-accident-in-South-Africa-Photo-0001.jpg,480p
https://media.deepgoretube.site/uploads/2022/02/Elderly-man-with-his-granddaughter-on-his-lap-loses-his-balance-and-falls-from-an-extremely-high-escalator-in-Mall-in-Uzbekistan-Photo-0001.jpg,480p
https://media.deepgoretube.site/uploads/2022/02/Man-touches-high-voltage-wire-and-loses-his-life-in-milliseconds-Photo-0001.jpg,480p
https://media.deepgoretube.site/uploads/2022/02/Beaten-to-death-between-slaps-shots-and-bombs-Photo-0001.jpg,480p
https://media.deepgoretube.site/uploads/2022/02/Boy-is-almost-strangled-to-death-in-robbery-in-South-Africa-Photo-0001.jpg,720p
https://media.deepgoretube.site/uploads/2022/02/Head-on-collision-between-motorcycles-leaves-motorcyclists-in-serious-condition-Photo-0001.jpg,480p
https://media.deepgoretube.site/uploads/2022/02/Surveillance-Footage-Shows-Man-Fatally-Shot-by-Police-on-Oklahoma-Bus-Photo-0001.jpg,480p
https://media.deepgoretube.site/uploads/2022/02/Anonymous-email-providers-are-now-allowed-Photo-0001.jpg,0p
https://media.deepgoretube.site/uploads/2022/02/Animals-Fucking-Hate-Us-3-Photo-0001.jpg,480p
https://media.deepgoretube.site/uploads/2022/02/Animals-Fucking-Hate-Us-2-Photo-0001.jpg,480p
https://media.deepgoretube.site/uploads/2022/02/Animals-Fucking-Hate-Us-1-Photo-0001.jpg,480p
https://media.deepgoretube.site/uploads/2022/02/Washing-the-head-of-a-dead-man-with-a-cracked-skull-Photo-0001.jpg,480p
https://media.deepgoretube.site/uploads/2022/02/A-woman-has-her-neck-cut-by-her-boyfriend-in-Sao-Cristovao-Salvador-Bahia-Brazil-Photo-0001.jpg,480p
https://media.deepgoretube.site/uploads/2022/02/Workers-are-electrocuted-when-they-try-in-a-precarious-and-wrong-way-to-save-a-colleague-who-was-electrocuted-at-the-construction-site-Photo-0001.jpg,1080p
https://media.deepgoretube.site/uploads/2022/02/Inattentive-man-is-run-over-and-crushed-by-steamroller-in-Brazil-Photo-0001.jpg,480p
https://media.deepgoretube.site/uploads/2022/02/Carnage-A-man-is-left-with-his-whole-body-destroyed-in-a-traffic-accident-involving-a-truck-in-Brazil-Photo-0001.jpg,480p
https://media.deepgoretube.site/uploads/2022/02/A-woman-is-shot-in-the-head-in-Jamaica-and-is-left-lying-dead-on-the-ground-Photo-0001.jpg,720p
https://media.deepgoretube.site/uploads/2022/02/Woman-tortures-a-child-with-several-slaps-in-the-face-but-she-is-later-punished-with-several-blows-with-an-iron-bar-in-Brazil-Photo-0001.jpg,480p
https://media.deepgoretube.site/uploads/2022/02/Woman-is-pushed-on-the-train-tracks-as-the-train-passes-and-her-leg-is-torn-apart-in-Sao-Paulo-Brazil-Photo-0001.jpg,480p
https://media.deepgoretube.site/uploads/2022/02/Female-student-pulls-out-a-knife-and-stabs-her-opponent-several-times-in-the-face-during-a-womens-fight-in-Trelawny-Jamaica-Photo-0001.jpg,480p
https://media.deepgoretube.site/uploads/2022/02/Women-brawl-Photo-0001.jpg,480p
https://media.deepgoretube.site/uploads/2022/02/Anybody-knows-is-this-infidelity-or-an-murder-Photo-0001.jpg,480p
https://media.deepgoretube.site/uploads/2022/01/Girl-gets-beat-by-her-cousin-Photo-0001.jpg,480p
https://media.deepgoretube.site/uploads/2022/01/Fat-cats-fighting-Photo-0001.jpg,480p
https://media.deepgoretube.site/uploads/2022/01/Woman-does-the-unthinkable-reacts-to-a-robbery-with-an-armed-bandit-and-still-fights-with-the-thief-Photo-0001.jpg,480p
https://media.deepgoretube.site/uploads/2022/01/Last-seconds-of-life-of-a-man-attacked-and-totally-disfigured-by-machete-blows-in-Brazil-Photo-0001.jpg,480p
https://media.deepgoretube.site/uploads/2022/01/Fight-between-partners-ends-with-man-shot-dead-in-Dominican-Republic-Photo-0001.jpg,480p
https://media.deepgoretube.site/uploads/2022/01/Female-store-clerk-is-brutally-attacked-and-punched-in-the-face-by-a-man-dressed-as-a-soldier-in-Russia-Photo-0001.jpg,480p
https://media.deepgoretube.site/uploads/2022/01/Man-shoots-his-ex-girlfriend-in-the-stomach-and-kills-her-at-her-work-in-Turkey-and-video-goes-viral-on-the-web-Photo-0001.jpg,480p
https://media.deepgoretube.site/uploads/2022/01/Cannibalism-in-Mexico-Man-filmed-eating-dead-body-parts-of-rival-Cartel-member-Photo-0001.jpg,480p
https://media.deepgoretube.site/uploads/2022/01/The-blood-flew-right-in-my-eye-Girl-jumping-of-a-building-in-Russia-Photo-0001.jpg,480p
https://media.deepgoretube.site/uploads/2022/01/Theres-a-bomb-in-that-box-Russian-tragedy-Photo-0001.jpg,480p
https://media.deepgoretube.site/uploads/2022/01/A-man-beating-a-woman-in-the-middle-of-the-street-in-front-of-her-young-son-suffers-severe-punishment-when-he-is-confronted-in-combat-by-another-man-who-thinks-that-aggression-is-unfair-Photo-0001.jpg,480p
https://media.deepgoretube.site/uploads/2022/01/Police-officers-are-forced-to-shoot-and-kill-pitbulls-as-they-break-into-a-suspects-home-to-arrest-him-in-the-USA-Photo-0001.jpg,480p
https://media.deepgoretube.site/uploads/2022/01/Driver-is-run-over-and-crushed-by-the-very-bus-he-was-working-on-while-trying-to-brake-it-with-his-bare-hands-in-Bangladesh-Photo-0001.jpg,480p
https://media.deepgoretube.site/uploads/2022/01/Woman-dies-in-motorcycle-accident-in-Brazil-and-her-viscera-come-out-through-her-ass-and-are-thrown-on-the-ground-Photo-0001.jpg,480p
https://media.deepgoretube.site/uploads/2022/01/Body-of-a-dead-woman-all-destroyed-in-a-traffic-accident-being-collected-in-Brazil-Photo-0001.jpg,480p
https://media.deepgoretube.site/uploads/2022/01/Train-accident-in-Bangladesh-teaches-us-why-we-should-look-both-ways-before-crossing-a-railway-Photo-0001.jpg,480p
https://media.deepgoretube.site/uploads/2022/01/A-female-worker-has-her-hand-sucked-into-a-treadmill-in-an-accident-at-work-in-China-Photo-0001.jpg,360p
https://media.deepgoretube.site/uploads/2022/01/Man-suffers-machete-blows-that-leave-his-back-completely-open-Photo-0001.jpg,720p
https://media.deepgoretube.site/uploads/2022/01/A-military-policeman-reacts-to-an-assault-and-sends-a-bandit-to-hell-in-Praia-do-Sol-Brazil-Photo-0001.jpg,480p
https://media.deepgoretube.site/uploads/2022/01/A-man-jumps-to-his-death-from-the-Abdon-Bridge-in-Amman-Jordan-and-commits-the-terrible-act-of-suicide-Photo-0001.jpg,720p
https://media.deepgoretube.site/uploads/2022/01/Car-loses-control-and-collides-with-pole-causing-an-incredible-traffic-accident-Car-occupants-survived-Photo-0001.jpg,480p
https://media.deepgoretube.site/uploads/2022/01/Traffic-accident-in-Colombia-leaves-motorcyclists-shattered-on-the-asphalt-Photo-0001.jpg,480p
https://media.deepgoretube.site/uploads/2022/01/Young-woman-kicks-elderly-woman-on-subway-platform-who-fell-on-the-tracks-and-almost-runs-the-risk-of-being-run-over-by-a-train-Photo-0001.jpg,720p
https://media.deepgoretube.site/uploads/2022/01/Large-metal-structure-collapses-and-kills-workers-who-were-working-at-the-construction-site-during-their-workday-in-Ecuador-Photo-0001.jpg,720p
https://media.deepgoretube.site/uploads/2022/01/Crazy-man-attacks-women-with-stab-wounds-in-the-street-in-Brazil-at-random-and-for-no-reason-Photo-0001.jpg,720p
https://media.deepgoretube.site/uploads/2022/01/Two-sisters-allegedly-involved-in-drug-trafficking-are-shot-dead-and-left-on-the-ground-in-Ecuador-Photo-0001.jpg,480p
https://media.deepgoretube.site/uploads/2022/01/Woman-disappears-under-ice-after-diving-into-icy-hole-and-drowning-in-front-of-children-during-epiphany-gain-in-Leningrad-region-Russia-Photo-0001.jpg,720p
https://media.deepgoretube.site/uploads/2022/01/Armed-man-reacts-quickly-to-the-robbery-and-manages-to-shoot-the-bandit-in-a-lucky-way-in-some-Latin-American-country-Photo-0001.jpg,480p
https://media.deepgoretube.site/uploads/2022/01/Attempted-robbery-of-the-company-in-Brazil-ends-with-thief-killed-after-exchanging-shots-with-security-Photo-0001.jpg,480p
https://media.deepgoretube.site/uploads/2022/01/Female-store-clerk-is-shot-in-the-chest-at-close-range-in-China-during-robbery-Photo-0001.jpg,480p
https://media.deepgoretube.site/uploads/2022/01/Thief-terrorizes-and-steals-a-woman-on-the-street-and-is-run-over-by-a-truck-at-the-time-of-escape-becoming-very-ill-in-Brazil-Photo-0001.jpg,720p
https://media.deepgoretube.site/uploads/2022/01/Man-throws-himself-from-a-burning-building-to-avoid-being-burned-to-death-but-ends-up-paying-an-expensive-price-to-stay-alive-Photo-0001.jpg,1080p
https://media.deepgoretube.site/uploads/2022/01/Man-drenches-himself-in-gasoline-and-sets-himself-on-fire-to-burn-himself-alive-in-Ukraine-in-a-desperate-attempt-to-die-Photo-0001.jpg,480p
https://media.deepgoretube.site/uploads/2022/01/Man-is-attacked-with-a-scythe-in-a-bar-in-Brazil-and-is-almost-beheaded-in-broad-daylight-but-he-survived-Photo-0001.jpg,480p
https://media.deepgoretube.site/uploads/2022/01/Couple-on-a-motorcycle-flies-through-the-air-after-being-hit-by-a-speeding-car-Photo-0001.jpg,480p
https://media.deepgoretube.site/uploads/2022/01/Thief-fleeing-the-police-on-a-motorcycle-has-a-fatal-accident-and-will-sit-on-the-devils-lap-before-his-time-Photo-0001.jpg,480p
https://media.deepgoretube.site/uploads/2022/01/Brave-and-brave-bull-proves-that-he-will-not-be-mocked-without-reciprocating-and-making-the-scoffers-pay-a-high-price-for-their-actions-Photo-0001.jpg,480p
https://media.deepgoretube.site/uploads/2022/01/Total-Carnage-Accident-with-burning-truck-in-Brazil-leaves-man-with-deep-flesh-wounds-on-his-legs-and-needs-to-be-dragged-on-asphalt-to-be-saved-away-from-fire-Photo-0001.jpg,1080p
https://media.deepgoretube.site/uploads/2022/01/Brutal-stabbing-murder-in-Chinas-Shopping-Mall-leaves-everyone-baffled-Photo-0001.jpg,480p
https://media.deepgoretube.site/uploads/2022/01/Pedestrian-is-cowardly-attacked-with-a-stone-to-the-head-in-Bogota-in-the-dead-of-night-Photo-0001.jpg,480p
https://media.deepgoretube.site/uploads/2022/01/A-man-is-shot-dead-inside-a-car-with-a-woman-in-the-passenger-seat-in-Brazil-Photo-0001.jpg,1080p
https://media.deepgoretube.site/uploads/2022/01/Motorcyclist-is-run-over-and-thrown-into-a-ditch-in-Indonesia-Photo-0001.jpg,480p
https://media.deepgoretube.site/uploads/2022/01/Budd-Dwyer-Suicide-Photo-0001.jpg,480p
https://media.deepgoretube.site/uploads/2022/01/Last-moments-of-a-mans-life-after-being-severely-stabbed-in-China-Photo-0001.jpg,480p
https://media.deepgoretube.site/uploads/2022/01/Man-practically-commits-suicide-implying-that-he-would-shoot-at-American-police-in-the-State-of-California-USA-Photo-0001.jpg,480p
https://media.deepgoretube.site/uploads/2022/01/Dude-with-his-arm-all-destroyed-awaiting-treatment-at-the-hospital-Photo-0001.jpg,480p
https://media.deepgoretube.site/uploads/2022/01/Car-slides-in-snow-in-Kazakhstan-and-leaves-five-people-dead-Strong-images-Photo-0001.jpg,480p
https://media.deepgoretube.site/uploads/2022/01/Woman-is-beaten-by-several-other-women-for-having-her-and-her-mother-strangled-a-three-month-old-baby-Photo-0001.jpg,1080p
https://media.deepgoretube.site/uploads/2022/01/Crowds-watch-in-disbelief-as-a-woman-is-burned-alive-on-a-bus-that-caught-fire-in-India-Photo-0001.jpg,1080p
https://media.deepgoretube.site/uploads/2022/01/In-China-a-man-has-a-heart-attack-falls-off-his-motorcycle-and-hits-the-ground-Photo-0001.jpg,480p
https://media.deepgoretube.site/uploads/2022/01/Fake-Michael-Jackson-is-bullied-and-reacts-to-stop-the-bully-Photo-0001.jpg,480p
https://media.deepgoretube.site/uploads/2022/01/Man-with-his-entire-leg-destroyed-in-a-traffic-accident-Photo-0001.jpg,480p
https://media.deepgoretube.site/uploads/2022/01/Frontal-collision-between-car-and-motorcycle-turns-into-a-flaming-fireball-Photo-0001.jpg,480p
https://media.deepgoretube.site/uploads/2022/01/Traffic-accident-in-China-cause-victims-to-roll-on-the-asphalt-like-bowling-balls-Photo-0001.jpg,480p
https://media.deepgoretube.site/uploads/2022/01/Man-is-killed-with-several-shots-to-the-head-until-it-explodes-Photo-0001.jpg,480p
https://media.deepgoretube.site/uploads/2022/01/Supposed-bandit-is-stripped-and-humiliated-by-angry-people-in-Bogota-and-has-his-little-toy-on-display-for-all-to-see-Photo-0001.jpg,1080p
https://media.deepgoretube.site/uploads/2022/01/Bandits-shoot-rivals-to-death-in-front-of-everyone-Photo-0001.jpg,480p
https://media.deepgoretube.site/uploads/2022/01/Man-is-stabbed-in-fight-over-woman-in-Spain-Photo-0001.jpg,480p
https://media.deepgoretube.site/uploads/2022/01/Woman-turns-into-a-human-speed-bump-in-India-in-a-traffic-accident-in-which-the-driver-runs-away-without-helping-her-Photo-0001.jpg,480p
https://media.deepgoretube.site/uploads/2022/01/Suspect-is-shot-after-advancing-towards-LAPD-officers-with-a-knife-in-the-USA-Photo-0001.jpg,480p
https://media.deepgoretube.site/uploads/2022/01/Clerk-fights-for-his-life-in-Argentina-during-a-violent-attack-Photo-0001.jpg,480p
https://media.deepgoretube.site/uploads/2022/01/Terrible-and-devastating-work-accident-in-China-reaps-workers-physical-health-Photo-0001.jpg,480p
https://media.deepgoretube.site/uploads/2022/01/A-woman-hit-by-a-car-in-Rio-de-Janeiro-Brazil-is-dying-on-the-ground-until-rescuers-arrive-Photo-0001.jpg,480p
https://media.deepgoretube.site/uploads/2022/01/Alcohol-and-motorcycles-dont-mix-but-in-Brazil-people-insist-on-doing-that-Photo-0001.jpg,480p
https://media.deepgoretube.site/uploads/2022/01/Woman-crushed-under-truck-wheel-in-Indonesia-Photo-0001.jpg,480p
https://media.deepgoretube.site/uploads/2022/01/Thief-on-a-motorcycle-tries-to-steal-womans-purse-and-leaves-her-lying-on-the-ground-in-Vietnam-due-to-the-violence-of-the-beating-Photo-0001.jpg,480p
https://media.deepgoretube.site/uploads/2022/01/Bizarre-accident-in-Russia-If-anyone-knows-how-to-explain-it-then-explain-in-the-comments-because-I-dont-know-Photo-0001.jpg,480p
https://media.deepgoretube.site/uploads/2022/01/Man-murdered-in-Brazilian-forest-Photo-0001.jpg,480p
https://media.deepgoretube.site/uploads/2022/01/Large-Hanging-Suicides-Compilation-Part-1-Photo-0001.jpg,480p
https://media.deepgoretube.site/uploads/2022/01/Dead-Women-Undressed-Part-1-Photo-0001.jpg,480p
https://media.deepgoretube.site/uploads/2022/01/Dead-Women-Part-1-Photo-0001.jpg,480p
https://media.deepgoretube.site/uploads/2022/01/Dead-Women-Part-2-Photo-0001.jpg,480p
https://media.deepgoretube.site/uploads/2022/01/Dead-Women-Part-3-Photo-0001.jpg,480p
https://media.deepgoretube.site/uploads/2022/01/Dead-Women-Part-4-Photo-0001.jpg,480p
https://media.deepgoretube.site/uploads/2022/01/Amazing-heart-beating-outside-the-human-body-Photo-0001.jpg,480p
https://media.deepgoretube.site/uploads/2022/01/Head-exploded-with-a-single-tiny-shot-Photo-0001.jpg,480p
https://media.deepgoretube.site/uploads/2022/01/Dude-with-destroyed-face-undergoing-medical-procedure-Photo-0001.jpg,480p
https://media.deepgoretube.site/uploads/2022/01/Man-prefers-to-die-instead-of-going-to-prison-and-makes-a-ridiculous-and-failed-suicide-attempt-that-only-causes-him-physical-pain-and-more-suffering-in-Brazil-Photo-0001.jpg,480p
https://media.deepgoretube.site/uploads/2022/01/A-woman-loses-her-life-in-a-terrible-traffic-accident-and-her-body-is-completely-unrecognizable-Photo-0001.jpg,1080p
https://media.deepgoretube.site/uploads/2022/01/Alleged-thief-on-the-run-is-run-over-by-truck-and-gets-crushed-on-the-asphalt-Photo-0001.jpg,1080p
https://media.deepgoretube.site/uploads/2022/01/In-Jamaica-man-turns-into-an-almost-indescribable-heap-of-flesh-I-do-not-know-the-reason-Photo-0001.jpg,480p
https://media.deepgoretube.site/uploads/2022/01/Worker-suffers-one-of-the-worst-work-accidents-anyone-can-imagine-in-China-Photo-0001.jpg,480p
https://media.deepgoretube.site/uploads/2022/01/Children-get-wedged-between-truck-and-wall-in-Pakistan-in-terrible-accident-Photo-0001.jpg,1080p
https://media.deepgoretube.site/uploads/2022/01/22-tourists-including-children-freeze-to-death-in-a-car-in-Pakistan-due-to-snowstorm-in-terrible-tragedy-Photo-0001.jpg,480p
https://media.deepgoretube.site/uploads/2022/01/Something-explodes-maybe-a-bomb-during-truck-unloading-and-worker-dies-in-China-Photo-0001.jpg,480p
https://media.deepgoretube.site/uploads/2022/01/Forklift-goes-in-circles-with-the-drivers-corpse-on-the-roof-Simply-bizarre-this-sad-death-of-a-worker-Photo-0001.jpg,360p
https://media.deepgoretube.site/uploads/2022/01/Thieves-caught-robbing-a-workers-home-are-severely-punished-for-trying-to-steal-in-Brazil-Photo-0001.jpg,480p
https://media.deepgoretube.site/uploads/2022/01/Drunk-walking-down-the-street-suffers-a-tragic-fate-as-he-passes-a-taxi-in-Guayaquil-Ecuador-Photo-0001.jpg,480p
https://media.deepgoretube.site/uploads/2022/01/Woman-and-her-niece-are-killed-by-a-truck-while-riding-a-motorcycle-to-school-in-a-bad-traffic-accident-Photo-0001.jpg,480p
https://media.deepgoretube.site/uploads/2022/01/Transsexual-call-girl-fights-with-client-to-guarantee-payment-for-the-program-in-Brazil-Photo-0001.jpg,480p
https://media.deepgoretube.site/uploads/2022/01/Woman-with-her-entire-leg-destroyed-after-a-traffic-accident-in-Brazil-Photo-0001.jpg,720p
https://media.deepgoretube.site/uploads/2022/01/Man-and-woman-are-punished-with-shooting-in-the-hands-for-having-stolen-in-the-vicinity-of-the-slum-in-Brazil-Photo-0001.jpg,480p
https://media.deepgoretube.site/uploads/2022/01/Woman-dies-after-losing-control-and-falling-off-her-motorcycle-at-the-time-of-the-test-to-get-a-driving-license-in-Brazil-Photo-0001.jpg,360p
https://media.deepgoretube.site/uploads/2022/01/Lady-is-run-over-when-least-expected-Photo-0001.jpg,480p
https://media.deepgoretube.site/uploads/2022/01/Woman-turns-on-a-machine-that-looks-like-a-giant-blender-just-as-another-employee-was-cleaning-it-Instant-death-Photo-0001.jpg,480p
https://media.deepgoretube.site/uploads/2022/01/Cops-save-the-life-of-a-pilot-who-made-an-emergency-landing-on-top-of-the-train-tracks-seconds-before-total-destruction-Photo-0001.jpg,480p
https://media.deepgoretube.site/uploads/2022/01/Theft-attempt-fails-Photo-0001.jpg,480p
https://media.deepgoretube.site/uploads/2022/01/Members-of-rival-faction-invade-health-clinic-and-kill-rival-in-waiting-room-in-Brazil-Photo-0001.jpg,480p
https://media.deepgoretube.site/uploads/2022/01/A-dude-came-under-fire-from-security-forces-in-Kazakhstan-Photo-0001.jpg,360p
https://media.deepgoretube.site/uploads/2022/01/Man-with-knife-stuck-in-his-head-arrives-at-the-hospital-on-a-motorcycle-Photo-0001.jpg,1080p
https://media.deepgoretube.site/uploads/2022/01/In-Colombia-they-are-also-tired-of-bandits-who-try-to-rob-others-so-they-treat-bandits-like-that-Photo-0001.jpg,480p
https://media.deepgoretube.site/uploads/2022/01/Tragedy-in-Brazil-A-gigantic-rock-falls-off-a-wall-in-a-canyon-and-crushes-four-speedboats-leaving-many-dead-Photo-0001.jpg,480p
https://media.deepgoretube.site/uploads/2022/01/In-Brazil-fighting-in-the-favela-is-like-that-Photo-0001.jpg,480p
https://media.deepgoretube.site/uploads/2022/01/Pedestrian-has-his-head-crushed-by-a-garbage-truck-in-a-fatal-traffic-accident-in-Brazil-Photo-0001.jpg,480p
https://media.deepgoretube.site/uploads/2022/01/Amazing-Rescue-Police-put-out-fire-and-remove-woman-from-burning-car-in-USA-Bodycam-Images-Photo-0001.jpg,480p
https://media.deepgoretube.site/uploads/2022/01/Widespread-fighting-at-a-gas-station-in-the-US-creates-further-confusion-Photo-0001.jpg,480p
https://media.deepgoretube.site/uploads/2022/01/Man-beats-wife-who-cheated-on-him-with-knife-in-hand-to-kill-her-Photo-0001.jpg,480p
https://media.deepgoretube.site/uploads/2022/01/Drowned-Silicone-Boobs-Woman-Photo-0001.jpg,480p
https://media.deepgoretube.site/uploads/2022/01/Young-Female-Hanger-Discovered-Photo-0001.jpg,480p
https://media.deepgoretube.site/uploads/2022/01/Young-Woman-Cut-Down-2-Photo-0001.jpg,360p
https://media.deepgoretube.site/uploads/2022/01/Young-Woman-Cut-Down-1-Photo-0001.jpg,480p
https://media.deepgoretube.site/uploads/2022/01/Autoerotic-Death-9-Photo-0001.jpg,480p
https://media.deepgoretube.site/uploads/2022/01/Autoerotic-Death-8-Photo-0001.jpg,480p
https://media.deepgoretube.site/uploads/2022/01/Autoerotic-Death-7-livestream-Photo-0001.jpg,480p
https://media.deepgoretube.site/uploads/2022/01/Hangglider-Falls-To-Death-Photo-0001.jpg,360p
https://media.deepgoretube.site/uploads/2022/01/Hanged-Woman-Slapped-Photo-0001.jpg,480p
https://media.deepgoretube.site/uploads/2022/01/Autoerotic-Death-6-Photo-0001.jpg,480p
https://media.deepgoretube.site/uploads/2022/01/Autoerotic-Death-5-Photo-0001.jpg,480p
https://media.deepgoretube.site/uploads/2022/01/Autoerotic-Death-4-Photo-0001.jpg,480p
https://media.deepgoretube.site/uploads/2022/01/Autoerotic-Death-3-Photo-0001.jpg,480p
https://media.deepgoretube.site/uploads/2022/01/Autoerotic-Death-2-Photo-0001.jpg,480p
https://media.deepgoretube.site/uploads/2022/01/Autoerotic-Death-1-Photo-0001.jpg,480p
https://media.deepgoretube.site/uploads/2022/01/Man-being-burned-alive-trapped-inside-a-car-while-pedestrians-try-to-save-him-in-China-Impressive-Photo-0001.jpg,1080p
https://media.deepgoretube.site/uploads/2022/01/Man-tries-to-strangle-woman-out-of-nowhere-in-Miami-Extremely-strong-scenes-If-you-are-a-woman-imagine-yourself-in-this-situation-Photo-0001.jpg,480p
https://media.deepgoretube.site/uploads/2022/01/Elderly-tries-to-kill-himself-in-the-worst-possible-way-in-India-fails-miserably-and-condemns-himself-to-a-life-of-pain-and-suffering-until-the-end-of-his-days-Photo-0001.jpg,480p
https://media.deepgoretube.site/uploads/2022/01/A-policeman-freaks-out-kills-two-fellow-members-of-the-corporation-with-shotgun-fire-and-shoots-himself-in-the-head-right-away-in-Luanda-Angola-Photo-0001.jpg,480p
https://media.deepgoretube.site/uploads/2022/01/Man-breaks-his-neck-and-dies-trying-to-jump-the-subway-turnstile-in-New-York-A-bizarre-death-Photo-0001.jpg,1080p
https://media.deepgoretube.site/uploads/2022/01/A-woman-is-chased-and-gunned-down-by-an-assassin-in-the-middle-of-the-street-in-broad-daylight-in-the-city-of-Chiquimula-Guatemala-Photo-0001.jpg,480p
https://media.deepgoretube.site/uploads/2022/01/A-thief-shoots-a-store-clerk-who-did-not-show-any-reaction-when-robbing-the-store-He-fired-just-to-see-the-bullet-hole-and-pure-evil-Photo-0001.jpg,360p
https://media.deepgoretube.site/uploads/2022/01/Man-armed-with-a-knife-takes-a-baby-as-hostage-while-fighting-armed-police-with-a-shovel-Photo-0001.jpg,480p
https://media.deepgoretube.site/uploads/2022/01/Cowardice-A-woman-is-robbed-knocked-to-the-ground-beaten-and-beaten-several-times-during-a-robbery-in-Brazil-Photo-0001.jpg,720p
https://media.deepgoretube.site/uploads/2022/01/Shooting-at-the-funeral-One-thing-is-certain-one-person-has-died-Photo-0001.jpg,480p
https://media.deepgoretube.site/uploads/2022/01/Extreme-brutality-in-the-execution-by-decapitation-of-a-rival-faction-member-in-Brazil-Photo-0001.jpg,480p
https://media.deepgoretube.site/uploads/2022/01/The-biggest-fight-in-the-kitchen-youve-probably-ever-seen-In-the-best-Kung-Fu-style-Photo-0001.jpg,480p
https://media.deepgoretube.site/uploads/2022/01/Completely-drunk-Russian-beats-his-girlfriend-inside-the-elevator-Its-simply-disgusting-Photo-0001.jpg,480p
https://media.deepgoretube.site/uploads/2022/01/Africa-is-the-only-place-in-the-world-where-burning-people-alive-is-a-sign-of-justice-Absurd-Photo-0001.jpg,480p
https://media.deepgoretube.site/uploads/2022/01/Thief-breaks-into-a-restaurant-bar-to-rob-but-employees-react-they-beat-him-until-blood-comes-out-and-he-runs-away-in-the-end-Photo-0001.jpg,360p
https://media.deepgoretube.site/uploads/2022/01/Women-attack-man-in-elevator-and-dont-even-stop-when-one-of-them-is-knocked-out-Photo-0001.jpg,720p
https://media.deepgoretube.site/uploads/2022/01/Never-cross-the-red-light-Direct-lesson-from-Brazil-Photo-0001.jpg,360p
https://media.deepgoretube.site/uploads/2022/01/Half-of-a-fetus-is-found-lying-on-grass-in-Brazil-Photo-0001.jpg,720p
https://media.deepgoretube.site/uploads/2022/01/19-year-old-girl-in-morgue-Photo-0001.jpg,480p
https://media.deepgoretube.site/uploads/2022/01/Died-Happy-Accidental-Hanging-Photo-0001.jpg,480p
https://media.deepgoretube.site/uploads/2022/01/Two-women-killed-in-cold-blood-in-Brazil-leave-people-intrigued-Photo-0001.jpg,480p
https://media.deepgoretube.site/uploads/2022/01/Head-crushed-in-super-silly-traffic-accident-Photo-0001.jpg,480p
https://media.deepgoretube.site/uploads/2022/01/Pedestrian-is-hit-by-a-giant-block-of-ice-that-has-fallen-from-the-sky-somewhere-in-China-Photo-0001.jpg,480p
https://media.deepgoretube.site/uploads/2022/01/Two-warriors-prefer-to-settle-their-differences-with-a-street-fight-in-Golden-Hour-At-Venice-Beach-USA-Photo-0001.jpg,360p
https://media.deepgoretube.site/uploads/2022/01/Terrible-traffic-accident-in-Brazil-leaves-a-motorcycle-rider-and-passenger-in-an-extremely-serious-condition-Photo-0001.jpg,480p
https://media.deepgoretube.site/uploads/2022/01/Man-being-burned-alive-in-a-sewer-in-some-country-in-Africa-Photo-0001.jpg,480p
https://media.deepgoretube.site/uploads/2022/01/Attempted-murder-with-a-machete-blow-leaves-a-man-on-the-brink-of-death-in-Brazil-Photo-0001.jpg,480p
https://media.deepgoretube.site/uploads/2022/01/Great-autopsy-on-a-deceased-woman-Photo-0001.jpg,480p
https://media.deepgoretube.site/uploads/2022/01/Smartest-woman-on-planet-Photo-0001.jpg,360p
https://media.deepgoretube.site/uploads/2021/12/Boy-is-killed-with-stones-in-the-head-and-left-to-rot-on-the-earth-floor-Photo-0001.jpg,480p
https://media.deepgoretube.site/uploads/2021/12/The-fight-ends-with-a-draw-Photo-0001.jpg,480p
https://media.deepgoretube.site/uploads/2021/12/A-man-is-stabbed-to-death-by-three-people-during-a-street-fight-in-India-in-broad-daylight-and-with-people-watching-Photo-0001.jpg,480p
https://media.deepgoretube.site/uploads/2021/12/Cheated-girl-gets-revenge-with-punch-during-brutal-girls-fight-in-Brazil-Photo-0001.jpg,480p
https://media.deepgoretube.site/uploads/2021/12/Man-on-his-deathbed-making-bizarre-funereal-sounds-before-losing-his-life-Photo-0001.jpg,480p
https://media.deepgoretube.site/uploads/2021/12/Preparing-decomposing-dead-body-for-wake-or-autopsy-Photo-0001.jpg,480p
https://media.deepgoretube.site/uploads/2021/12/To-pop-a-wheelie-with-your-girlfriend-on-the-back-is-never-a-good-idea-Photo-0001.jpg,480p
https://media.deepgoretube.site/uploads/2021/12/Woman-having-her-fingers-smashed-with-hammers-and-a-boy-having-his-fingers-ripped-off-while-trapped-in-a-tree-in-Russia-Photo-0001.jpg,480p
https://media.deepgoretube.site/uploads/2021/12/Im-not-a-healthcare-professional-but-is-this-the-right-way-to-turn-an-injured-person-Photo-0001.jpg,480p
https://media.deepgoretube.site/uploads/2021/12/When-the-bomb-goes-off-too-early-someone-always-loses-his-fingers-Photo-0001.jpg,480p
https://media.deepgoretube.site/uploads/2021/12/Young-boy-tied-to-a-tree-full-of-ants-as-a-form-of-punishment-for-who-knows-what-Photo-0001.jpg,480p
https://media.deepgoretube.site/uploads/2021/12/Brutalized-woman-beaten-with-chain-blows-and-a-lot-of-violence-as-punishment-somewhere-in-Russia-Photo-0001-Cover-Up.jpg,480p
https://media.deepgoretube.site/uploads/2021/12/Dog-is-electrocuted-to-death-by-a-power-cable-that-fell-on-the-street-and-has-already-killed-people-while-the-population-simply-watches-in-Brazil-Photo-0001.jpg,720p
https://media.deepgoretube.site/uploads/2021/12/Worker-burns-to-death-in-giant-factory-explosion-Photo-0001.jpg,480p
https://media.deepgoretube.site/uploads/2021/12/A-man-with-psychological-problems-climbs-a-power-pole-and-is-electrocuted-alive-Photo-0001.jpg,480p
https://media.deepgoretube.site/uploads/2021/12/Bizarre-accident-at-gym-nearly-kills-man-during-exercise-Photo-0001.jpg,720p
https://media.deepgoretube.site/uploads/2021/12/Healthy-human-lung-is-just-beautiful-Photo-0001.jpg,1080p
https://media.deepgoretube.site/uploads/2021/12/Nigerian-very-mad-because-of-drugs-rolling-in-the-sewer-drain-Photo-0001.jpg,480p
https://media.deepgoretube.site/uploads/2021/12/Woman-brutally-murdered-in-some-South-American-country-Photo-0001.jpg,360p
https://media.deepgoretube.site/uploads/2021/11/Man-attacks-an-elderly-woman-in-a-supermarket-in-Brazil-with-punches-and-kicks-in-the-greatest-cowardice-Photo-0001.jpg,480p
https://media.deepgoretube.site/uploads/2021/11/A-thief-who-stole-an-app-driver-is-beaten-and-has-his-arm-broken-in-the-middle-of-the-street-in-Brazil-Photo-0001.jpg,480p
https://media.deepgoretube.site/uploads/2021/11/Rape-suspect-tries-to-escape-the-hands-of-the-police-by-jumping-the-window-that-is-CLOSED-Photo-0001.jpg,360p
https://media.deepgoretube.site/uploads/2021/11/Depressed-woman-throws-herself-to-death-from-atop-the-energy-tower-Photo-0001.jpg,480p
https://media.deepgoretube.site/uploads/2021/11/Who-said-animals-cant-be-evil-Photo-0001.jpg,480p
https://media.deepgoretube.site/uploads/2021/11/Thief-breaks-into-the-market-to-steal-armed-with-a-knife-but-the-customer-reacts-and-immobilizes-the-rogue-Photo-0001.jpg,360p
https://media.deepgoretube.site/uploads/2021/11/Cyclist-falls-and-gets-very-bad-during-dispute-Photo-0001.jpg,720p
https://media.deepgoretube.site/uploads/2021/11/Man-is-wounded-with-sword-blows-during-fight-in-Indonesia-Photo-0001.jpg,480p
https://media.deepgoretube.site/uploads/2021/11/Learn-how-to-rescue-Brazilian-style-hostages-Photo-0001.jpg,480p
https://media.deepgoretube.site/uploads/2021/11/Guy-flees-from-the-police-falls-off-the-bike-destroys-his-own-leg-and-now-says-he-is-sorry-Photo-0001.jpg,480p
https://media.deepgoretube.site/uploads/2021/11/Dead-with-a-mouth-full-of-reeking-worms-Photo-0001.jpg,480p
https://media.deepgoretube.site/uploads/2021/11/Woman-being-publicly-punished-in-India-Is-this-how-this-country-treats-its-women-Photo-0001.jpg,360p
https://media.deepgoretube.site/uploads/2021/11/Woman-gives-a-lesson-to-her-husbands-lover-with-several-slaps-in-the-face-in-Brazil-Total-humiliation-Photo-0001.jpg,480p
https://media.deepgoretube.site/uploads/2021/11/Man-is-gunned-down-by-gunman-in-broad-daylight-Photo-0001.jpg,320p
https://media.deepgoretube.site/uploads/2021/11/Worker-is-electrocuted-to-death-in-a-very-sad-work-accident-Photo-0001.jpg,720p
https://media.deepgoretube.site/uploads/2021/11/A-bloated-body-in-an-advanced-state-of-putrefaction-is-found-floating-in-a-river-in-Brazil-Photo-0001.jpg,480p
https://media.deepgoretube.site/uploads/2021/11/Man-is-found-dead-with-his-stomach-protruding-from-his-belly-Photo-0001.jpg,480p
https://media.deepgoretube.site/uploads/2021/11/This-cant-be-real-can-it-Photo-0001.jpg,480p
https://media.deepgoretube.site/uploads/2021/11/Widespread-fight-between-men-and-women-in-Brazil-leaves-a-tense-atmosphere-in-the-air-Photo-0001.jpg,480p
https://media.deepgoretube.site/uploads/2021/11/Woman-is-found-dead-in-Brazil-It-is-believed-that-she-was-a-victim-of-abuse-Photo-0001.jpg,480p
https://media.deepgoretube.site/uploads/2021/11/Pedestrians-try-to-rescue-and-help-motorcyclist-seriously-injured-in-a-traffic-accident-in-Brazil-Photo-0001.jpg,480p
https://media.deepgoretube.site/uploads/2021/11/A-woman-throws-a-child-into-a-well-and-then-throws-herself-to-death-Photo-0001.jpg,480p
https://media.deepgoretube.site/uploads/2021/11/A-woman-gives-birth-unexpectedly-and-the-fetus-falls-to-the-ground-without-breaking-the-placenta-in-Brazil-Photo-0001.jpg,480p
https://media.deepgoretube.site/uploads/2021/11/Woman-with-knife-stuck-in-her-face-still-life-Photo-0001.jpg,1080p
https://media.deepgoretube.site/uploads/2021/11/Man-is-attacked-with-machete-blows-and-is-left-to-die-however-his-will-to-live-is-stronger-Photo-0001.jpg,480p
https://media.deepgoretube.site/uploads/2021/11/Woman-falls-on-subway-stairs-while-walking-while-talking-on-cell-phone-Photo-0001.jpg,360p
https://media.deepgoretube.site/uploads/2021/11/Waves-of-the-sea-returns-the-body-of-a-beautiful-young-woman-killed-with-a-headshot-Photo-0001-Video-Thumb.jpg,480p
https://media.deepgoretube.site/uploads/2021/11/Worker-suffers-an-accident-at-work-and-is-electrocuted-alive-in-Brazil-Photo-0001.jpg,1080p
https://media.deepgoretube.site/uploads/2021/11/Man-murdered-with-an-axe-Photo-0001.jpg,360p
https://media.deepgoretube.site/uploads/2021/11/Rival-burns-alive-Photo-0001.jpg,480p
https://media.deepgoretube.site/uploads/2021/11/Woman-has-her-face-completely-destroyed-but-still-life-due-to-terrible-traffic-accident-that-will-leave-sequels-in-her-soul-Photo-0001.jpg,480p
https://media.deepgoretube.site/uploads/2021/11/Store-attendant-being-shot-at-work-in-Brazil-Photo-0001.jpg,480p
https://media.deepgoretube.site/uploads/2021/11/Man-throws-himself-to-his-death-from-the-top-of-a-building-in-Brazil-and-thus-ends-his-own-life-Photo-0001.jpg,720p
https://media.deepgoretube.site/uploads/2021/11/A-girl-involved-in-a-gang-dispute-is-shot-dead-in-Brazil-Photo-0001.jpg,360p
https://media.deepgoretube.site/uploads/2021/11/Woman-with-her-face-torn-apart-being-transported-on-the-ambulance-stretcher-Photo-0001.jpg,480p
https://media.deepgoretube.site/uploads/2021/11/Shocking-video-of-a-bus-crash-in-Ohio-from-an-insiders-perspective-Photo-0001.jpg,480p
https://media.deepgoretube.site/uploads/2021/11/Motorcyclist-is-literally-crushed-by-garbage-truck-in-traffic-accident-and-leaves-witnesses-perplexed-Photo-0001.jpg,360p
https://media.deepgoretube.site/uploads/2021/11/Tragic-traffic-accident-involving-a-motorcycle-and-truck-leaves-motorcyclist-under-the-wheels-Photo-0001.jpg,480p
https://media.deepgoretube.site/uploads/2021/11/Braziliam-gang-kill-rival-Witherspoon-shoots-in-head-Photo-0001.jpg,480p
https://media.deepgoretube.site/uploads/2021/11/Security-catches-thieves-robbing-the-store-and-in-the-confusion-shoots-one-of-them-with-a-shotgun-Photo-0001.jpg,480p
https://media.deepgoretube.site/uploads/2021/11/Bodycam-shows-police-officers-shooting-a-woman-after-she-makes-a-move-that-she-would-pick-up-a-gun-Photo-0001.jpg,480p
https://media.deepgoretube.site/uploads/2021/11/A-woman-walking-her-dog-is-robbed-and-dragged-along-the-ground-when-she-gets-trapped-on-the-thieves-motorcycle-Photo-0001.jpg,480p
https://media.deepgoretube.site/uploads/2021/11/Boy-is-beaten-and-has-his-face-disfigured-with-stone-blows-Photo-0001.jpg,480p
https://media.deepgoretube.site/uploads/2021/11/Man-attacks-people-at-random-in-the-street-with-butcher-knife-blows-Photo-0001.jpg,480p
https://media.deepgoretube.site/uploads/2021/11/A-traffic-accident-leaves-a-man-with-his-skull-all-destroyed-and-his-face-disfigured-Photo-0001.jpg,1080p
https://media.deepgoretube.site/uploads/2021/11/Real-cannibalism-in-Africa-WTF-Photo-0001.jpg,480p
https://media.deepgoretube.site/uploads/2021/11/Criminals-break-into-the-house-and-kill-father-and-son-while-the-mother-witnesses-everything-in-Brazil-Photo-0001.jpg,1080p
https://media.deepgoretube.site/uploads/2021/10/A-man-stabbed-his-ex-wife-to-death-and-then-tried-to-kill-himself-in-Brazil-Photo-0001.jpg,480p
https://media.deepgoretube.site/uploads/2021/10/Two-African-women-fighting-in-style-in-the-middle-of-the-street-and-showing-all-their-melons-Photo-0001.jpg,480p
https://media.deepgoretube.site/uploads/2020/10/Tifa-Winters-Avatar.jpg,000p
https://media.deepgoretube.site/uploads/2021/10/Death-comes-when-you-least-expect-it-Photo-0001.jpg,480p
https://media.deepgoretube.site/uploads/2021/10/Worker-is-run-over-by-truck-and-his-head-explodes-crushed-throwing-his-brain-to-the-sidewalk-Photo-0001-Video-Thumb.jpg,1080p
https://media.deepgoretube.site/uploads/2021/10/A-car-is-the-victim-of-an-attack-and-a-man-has-his-head-blown-off-in-some-Middle-Eastern-country-Photo-0001.jpg,720p
https://media.deepgoretube.site/uploads/2021/10/Beautiful-girl-being-shot-in-cold-blood-and-executed-in-Brazil-in-yet-another-brutal-murder-Photo-0001.jpg,480p
https://media.deepgoretube.site/uploads/2021/10/A-woman-found-dead-in-Brazil-portrays-the-violence-that-the-country-is-experiencing-Photo-0001.jpg,480p
https://media.deepgoretube.site/uploads/2021/10/This-Asian-man-must-face-the-law-for-doing-this-horrible-act-with-this-poor-animal-Photo-0001.jpg,480p
https://media.deepgoretube.site/uploads/2021/10/Girl-literally-rips-out-her-tongue-Photo-0001.jpg,1080p
https://media.deepgoretube.site/uploads/2021/10/Man-body-and-face-destroyed-after-being-smashed-by-axe-Photo-0001.jpg,480p
https://media.deepgoretube.site/uploads/2021/10/Girl-is-found-dead-and-all-bloody-thrown-on-the-ground-Photo-0001.jpg,480p
https://media.deepgoretube.site/uploads/2021/10/Men-are-electrocuted-while-working-in-India-Photo-0001.jpg,480p
https://media.deepgoretube.site/uploads/2021/10/Man-playing-in-nickel-machine-is-cowardly-shot-to-the-head-in-the-back-Photo-0001.jpg,480p
https://media.deepgoretube.site/uploads/2021/10/Two-men-being-brutally-murdered-sitting-in-a-chair-somewhere-in-Brazil-Extremely-Brutal-Photo-0001.jpg,480p
https://media.deepgoretube.site/uploads/2021/10/Thief-breaks-into-the-bar-to-steal-customers-react-and-he-is-beaten-and-skewered-to-the-end-Photo-0001.jpg,480p
https://media.deepgoretube.site/uploads/2021/10/Elderly-cannot-escape-from-the-burning-apartment-and-is-burned-alive-Photo-0001.jpg,480p
https://media.deepgoretube.site/uploads/2021/10/Supposedly-drunk-guy-getting-hit-by-car-in-the-middle-of-the-street-Photo-0001.jpg,1080p
https://media.deepgoretube.site/uploads/2021/10/Man-get-his-left-hand-ripped-off-with-machete-blows-for-allegedly-stealing-in-neighborhood-in-Brazil-Photo-0001.jpg,480p
https://media.deepgoretube.site/uploads/2021/10/Two-children-are-nearly-beheaded-by-a-maniac-in-some-Asian-country-Photo-0001.jpg,480p
https://media.deepgoretube.site/uploads/2021/10/Boy-with-broken-head-and-brain-sticking-out-of-the-skull-Photo-0001.jpg,480p
https://media.deepgoretube.site/uploads/2021/10/Man-and-woman-are-beaten-in-a-slum-in-Brazil-as-punishment-for-not-following-favela-rules-Photo-0001.jpg,480p
https://media.deepgoretube.site/uploads/2021/10/Guys-are-crushed-by-speeding-car-Photo-0001.jpg,480p
https://media.deepgoretube.site/uploads/2021/10/Killed-with-machete-blows-makes-family-members-desperate-Photo-0001.jpg,480p
https://media.deepgoretube.site/uploads/2021/10/Murderer-kills-elderly-in-front-of-woman-in-broad-daylight-Photo-0001.jpg,720p
https://media.deepgoretube.site/uploads/2021/10/Dark-web-Photo-0001.jpg,360p
https://media.deepgoretube.site/uploads/2021/10/Woman-being-beaten-as-punishment-in-the-Brazil-slum-for-not-following-community-rules-Photo-0001.jpg,480p
https://media.deepgoretube.site/uploads/2021/10/Motorbike-thieves-try-to-rob-pedestrians-but-Good-Samaritan-does-justice-with-his-own-car-Photo-0001.jpg,480p
https://media.deepgoretube.site/uploads/2021/10/Woman-sits-on-train-tracks-and-patiently-waits-for-death-in-a-terrible-suicide-Photo-0001.jpg,360p
https://media.deepgoretube.site/uploads/2021/10/A-woman-with-mental-problems-is-killed-in-cold-blood-in-Brazil-Photo-0001-Cover.jpg,HD Photos
https://media.deepgoretube.site/uploads/2021/10/Pizzeria-employee-reacts-to-robbery-with-a-noodle-roll-and-shows-that-stealing-is-not-worth-it-Photo-0001.jpg,360p
https://media.deepgoretube.site/uploads/2021/10/Biker-is-crushed-by-wall-while-passing-by-the-construction-site-Photo-0001.jpg,480p
https://media.deepgoretube.site/uploads/2021/10/Terrible-traffic-accident-leaves-motorcyclists-in-an-unfortunate-situation-Photo-0001.jpg,480p
https://media.deepgoretube.site/uploads/2021/10/Newcomer-to-the-prison-receives-a-warm-welcome-from-older-inmates-Photo-0001.jpg,480p
https://media.deepgoretube.site/uploads/2021/10/Riot-in-prison-in-Ecuador-leaves-a-trail-of-blood-and-death-in-prison-Photo-0001.jpg,480p
https://media.deepgoretube.site/uploads/2021/10/Dead-woman-left-lying-on-the-ground-by-the-abominable-murderer-Photo-0001.jpg,480p
https://media.deepgoretube.site/uploads/2021/10/Women-fight-in-the-middle-of-the-street-shows-more-than-it-should-Photo-0001.jpg,480p
https://media.deepgoretube.site/uploads/2021/10/Evil-woman-reserves-her-little-place-in-hell-by-practicing-cruelty-to-animals-Photo-0001.jpg,480p
https://media.deepgoretube.site/uploads/2021/10/Never-tease-angry-woman-Photo-0001.jpg,720p
https://media.deepgoretube.site/uploads/2021/10/Female-customers-fight-with-the-store-attendant-Photo-0001.jpg,480p
https://media.deepgoretube.site/uploads/2021/10/Boy-is-knocked-out-by-speeding-train-Photo-0001.jpg,480p
https://media.deepgoretube.site/uploads/2021/10/Thieves-try-to-rob-a-woman-alone-in-the-store-but-are-shot-by-an-armed-employee-in-Brazil-Photo-0001.jpg,360p
https://media.deepgoretube.site/uploads/2021/10/Man-is-electrocuted-to-death-when-leaving-a-truck-This-is-very-sad-Photo-0001.jpg,480p
https://media.deepgoretube.site/uploads/2021/10/Driver-completely-destroyed-after-truck-accident-Photo-0001.jpg,480p
https://media.deepgoretube.site/uploads/2021/10/Girl-shows-that-she-is-tough-and-makes-man-sleep-during-a-fight-in-the-middle-of-the-street-Photo-0001.jpg,480p
https://media.deepgoretube.site/uploads/2021/10/Robber-tries-to-rob-pedestrian-using-toy-gun-and-is-miserably-beaten-in-Brazil-Photo-0001.jpg,360p
https://media.deepgoretube.site/uploads/2021/09/Worker-has-his-face-cracked-in-half-due-to-terrible-work-accident-in-Brazil-I-dont-think-he-survived-Photo-0001.jpg,480p
https://media.deepgoretube.site/uploads/2021/09/Man-dying-after-knife-attack-begs-to-talk-to-his-mother-before-he-dies-Photo-0001.jpg,720p
https://media.deepgoretube.site/uploads/2021/09/Coward-with-knife-attacks-man-from-behind-and-kills-him-with-blows-to-the-neck-Photo-0001.jpg,360p
https://media.deepgoretube.site/uploads/2021/09/Fully-detonated-face-after-attempted-murder-Photo-0001.jpg,480p
https://media.deepgoretube.site/uploads/2021/09/Man-with-his-back-open-by-machete-blows-Photo-0001.jpg,480p
https://media.deepgoretube.site/uploads/2021/09/Motorcycle-thieves-try-to-claim-another-victim-but-are-shot-dead-by-an-undercover-police-officer-in-Brazil-Photo-0001.jpg,480p
https://media.deepgoretube.site/uploads/2021/09/Woman-with-severe-burns-begs-for-help-to-overcome-her-critical-situation-Photo-0001.jpg,480p
https://media.deepgoretube.site/uploads/2021/09/Dismembered-dead-woman-on-the-table-in-some-country-in-the-world-Photo-0001.jpg,720p
https://media.deepgoretube.site/uploads/2021/09/Women-demonstrate-how-all-women-should-fight-during-a-street-fight-Photo-0001.jpg,480p
https://media.deepgoretube.site/uploads/2021/09/Baby-fetus-with-Harlequin-type-ichthyosis-a-rare-genetic-disorder-Photo-0001.jpg,480p
https://media.deepgoretube.site/uploads/2021/09/Carnivorous-people-eating-raw-meat-straight-from-the-hunt-Photo-0001.jpg,360p
https://media.deepgoretube.site/uploads/2021/09/Crowd-tries-to-burn-a-woman-alive-in-car-on-fire-Photo-0001.jpg,480p
https://media.deepgoretube.site/uploads/2021/09/Russian-teenager-girl-throws-herself-from-the-top-of-a-building-during-a-suicide-act-live-on-Instagram-Photo-0001.jpg,480p
https://media.deepgoretube.site/uploads/2021/09/Killed-in-font-of-her-babies-Photo-0001.jpg,480p
https://media.deepgoretube.site/uploads/2021/09/The-Old-In-Out-Photo-0001.jpg,480p
https://media.deepgoretube.site/uploads/2021/09/Quick-drive-by-Photo-0001.jpg,480p
https://media.deepgoretube.site/uploads/2021/09/Man-killed-in-his-sleep-Photo-0001.jpg,480p
https://media.deepgoretube.site/uploads/2021/09/Hilarious-Boy-shoots-chicken-for-fun-Photo-0001.jpg,480p
https://media.deepgoretube.site/uploads/2021/08/Woman-burning-alive-in-the-undergrowth-while-people-film-her-patience-in-get-burned-Photo-0001.jpg,360p
https://media.deepgoretube.site/uploads/2021/08/Men-publicly-beaten-and-lynched-in-some-country-in-Africa-Photo-0001.jpg,360p
https://media.deepgoretube.site/uploads/2021/08/Man-is-stabbed-in-the-belly-and-left-bleeding-in-the-ground-in-Brazil-Photo-0001.jpg,480p
https://media.deepgoretube.site/uploads/2021/08/Man-is-stabbed-multiple-times-in-an-assassination-attempt-during-an-argument-in-Brazil-Photo-0001.jpg,720p
https://media.deepgoretube.site/uploads/2021/08/Woman-beats-a-man-with-a-piece-of-stick-and-is-miserable-beaten-as-punishment-Photo-0001.jpg,480p
https://media.deepgoretube.site/uploads/2021/08/Decapitated-man-Photo-0001.jpg,360p
https://media.deepgoretube.site/uploads/2021/08/Dead-and-rotten-womans-body-in-an-advanced-state-of-decomposition-is-found-abandoned-on-the-roof-in-Vietnam-Photo-0001.jpg,480p
https://media.deepgoretube.site/uploads/2021/08/Girls-fighting-on-the-way-out-of-school-Old-but-gold-Photo-0001.jpg,480p
https://media.deepgoretube.site/uploads/2021/08/Motorcyclist-burned-to-death-after-terrible-collision-in-traffic-Photo-0001.jpg,1080p
https://media.deepgoretube.site/uploads/2021/08/He-was-killed-in-a-very-strange-position-in-Africa-Photo-0001.jpg,360p
https://media.deepgoretube.site/uploads/2021/08/Girl-beaten-and-covered-with-bruises-all-bruised-on-the-medical-stretcher-to-be-treated-Photo-0001.jpg,480p
https://media.deepgoretube.site/uploads/2021/08/Dude-with-his-face-completely-disfigured-possibly-because-of-an-accident-Photo-0001.jpg,480p
https://media.deepgoretube.site/uploads/2021/08/Man-cutting-his-own-balls-off-with-scissors-Photo-0001.jpg,360p
https://media.deepgoretube.site/uploads/2021/08/Victims-of-terrorist-bomb-attack-explosion-outside-Kabul-airport-Afghanistan-Photo-0001.jpg,480p
https://media.deepgoretube.site/uploads/2021/08/Pit-Bull-dog-attacks-the-woman-rips-and-completely-eats-her-face-during-the-attack-Photo-0001.jpg,480p
https://media.deepgoretube.site/uploads/2021/08/Woman-with-her-face-all-bruised-in-a-car-accident-agonizing-with-pain-in-Brazil-Photo-0001.jpg,480p
https://media.deepgoretube.site/uploads/2021/08/Mature-woman-is-beheaded-with-machete-blows-in-Brazil-Photo-0001.jpg,480p
https://media.deepgoretube.site/uploads/2021/08/Several-men-beat-women-mercilessly-Photo-0001.jpg,480p
https://media.deepgoretube.site/uploads/2021/08/Heartless-woman-torturing-dog-on-apartment-balcony-Photo-0001.jpg,480p
https://media.deepgoretube.site/uploads/2021/08/If-you-play-with-fire-you-get-burnt-Photo-0001.jpg,480p
https://media.deepgoretube.site/uploads/2021/08/Negligent-discharge-leaves-on-dead-man-Photo-0001.jpg,480p
https://media.deepgoretube.site/uploads/2021/08/Woman-crushes-her-opponents-nose-in-a-fight-during-a-very-crazy-women-fight-Photo-0001.jpg,480p
https://media.deepgoretube.site/uploads/2021/08/Autopsy-of-a-stinky-rotten-decomposing-woman-hole-Photo-0001.jpg,480p
https://media.deepgoretube.site/uploads/2021/08/Spanish-beheading-Photo-0001.jpg,480p
https://media.deepgoretube.site/uploads/2021/08/Deepthroat-gore-slut-Photo-0001-Video-Thumb.jpg,480p
https://media.deepgoretube.site/uploads/2021/08/Female-teenager-being-beaten-as-punishment-in-a-condominium-in-Brazil-Photo-0001.jpg,480p
https://media.deepgoretube.site/uploads/2021/08/Giant-bezoar-being-surgically-removed-from-a-patients-belly-Photo-0001.jpg,720p
https://media.deepgoretube.site/uploads/2021/08/Child-being-rescued-after-having-his-mouth-crossed-by-an-iron-bar-Photo-0001.jpg,480p
https://media.deepgoretube.site/uploads/2021/08/Dog-suffering-from-a-serious-illness-while-another-dog-licks-its-ass-Photo-0001.jpg,480p
https://media.deepgoretube.site/uploads/2021/08/Beware-of-traffic-never-hurts-Photo-0001.jpg,480p
https://media.deepgoretube.site/uploads/2021/08/Bi-articulated-bus-run-over-and-crushes-passenger-at-a-bus-terminal-in-Brazil-Photo-0001.jpg,480p
https://media.deepgoretube.site/uploads/2021/08/Mantis-eating-a-little-white-mouse-for-dinner-Photo-0001.jpg,480p
https://media.deepgoretube.site/uploads/2021/08/Girl-tries-to-escape-the-fight-by-pretending-to-be-dead-but-it-backfires-Photo-0001.jpg,480p
https://media.deepgoretube.site/uploads/2021/08/Man-grinding-his-own-toy-in-the-meat-grinder-Photo-0001.jpg,480p
https://media.deepgoretube.site/uploads/2021/08/Alleged-thief-being-beaten-completely-without-clothes-as-punishment-for-his-actions-Photo-0001.jpg,480p
https://media.deepgoretube.site/uploads/2021/08/Man-has-his-half-face-slashed-with-machete-blows-Photo-0001.jpg,480p
https://media.deepgoretube.site/uploads/2021/08/Man-kills-his-own-stepfather-with-knife-blows-to-his-neck-and-cuts-his-tongue-off-Photo-0001.jpg,480p
https://media.deepgoretube.site/uploads/2021/08/Woman-chased-attacked-and-stabbed-to-death-in-the-middle-of-the-street-in-Brazil-Photo-0001.jpg,480p
https://media.deepgoretube.site/uploads/2021/08/A-drill-drilling-through-finger-Photo-0001.jpg,480p
https://media.deepgoretube.site/uploads/2021/08/Fight-between-two-girls-in-the-schoolyard-ends-with-one-girl-hitting-the-others-head-repeatedly-on-the-concrete-Photo-0001.jpg,360p
https://media.deepgoretube.site/uploads/2021/08/Car-occupants-charred-to-death-in-a-horrific-accident-in-an-unidentified-country-Photo-0001.jpg,480p
https://media.deepgoretube.site/uploads/2021/08/Girl-being-beaten-mercilessly-for-being-caught-allegedly-stealing-in-the-Brazil-slum-Photo-0001.jpg,480p
https://media.deepgoretube.site/uploads/2021/08/Man-accidentally-shoots-with-shotgun-and-kills-nephew-during-wedding-party-in-Iran-Photo-0001.jpg,360p
https://media.deepgoretube.site/uploads/2021/08/Woman-being-brutally-stabbed-in-public-in-China-Photo-0001.jpg,480p
https://media.deepgoretube.site/uploads/2021/08/100-meter-skid-mark-Photo-0001.jpg,1080p
https://media.deepgoretube.site/uploads/2021/08/Woman-crushed-by-truck-front-wheel-in-Kinshasa-Congo-Photo-0001.jpg,480p
https://media.deepgoretube.site/uploads/2021/08/Man-being-brutally-beaten-by-angry-people-who-dont-care-about-the-lives-of-others-Photo-0001.jpg,360p
https://media.deepgoretube.site/uploads/2021/08/Female-worker-dies-in-a-textile-factory-in-a-terrible-work-accident-Photo-0001.jpg,1080p
https://media.deepgoretube.site/uploads/2021/08/Girl-who-was-allegedly-cheated-on-by-her-boyfriend-throws-herself-from-the-building-in-Ribeirao-Preto-Brazil-Photo-0001.jpg,480p
https://media.deepgoretube.site/uploads/2021/08/Horrible-crash-leaves-man-in-fatal-condition-Photo-0001.jpg,320p
https://media.deepgoretube.site/uploads/2021/08/Hitman-executes-man-infront-of-infant-child-and-woman-in-Puerto-Rico-Photo-0001.jpg,360p
https://media.deepgoretube.site/uploads/2021/08/Children-crushed-by-car-after-it-dramatically-reverses-through-garage-Photo-0001.jpg,240p
https://media.deepgoretube.site/uploads/2021/08/Ronnie-Mcnutts-suicide-Photo-0001.jpg,720p
https://media.deepgoretube.site/uploads/2021/08/Woman-all-bloodied-after-being-attacked-in-Brazil-asking-for-help-Photo-0001.jpg,480p
https://media.deepgoretube.site/uploads/2021/08/A-shocking-accident-in-Guatemala-leaves-victims-with-a-shattered-skull-and-a-fate-worse-than-death-Photo-0001.jpg,480p
https://media.deepgoretube.site/uploads/2021/08/Man-splits-another-mans-head-in-half-with-an-axe-after-getting-into-fight-Photo-0001.jpg,480p
https://media.deepgoretube.site/uploads/2021/08/Bull-tramples-and-crushes-female-bullfighter-Photo-0001.jpg,480p
https://media.deepgoretube.site/uploads/2021/08/Man-dies-electrocuted-while-walking-through-a-flood-in-India-Photo-0001.jpg,480p
https://media.deepgoretube.site/uploads/2021/08/Mother-falls-off-a-slab-while-trying-to-separate-a-fight-between-her-own-sons-and-dies-in-the-fall-Photo-0001.jpg,720p
https://media.deepgoretube.site/uploads/2021/08/Alleged-rapist-is-killed-has-his-genitals-torn-out-and-his-belly-torn-in-Brazil-Photo-0001.jpg,480p
https://media.deepgoretube.site/uploads/2021/08/Man-with-exposed-intestines-outside-the-belly-Photo-0001.jpg,720p
https://media.deepgoretube.site/uploads/2021/08/Alleged-thief-being-rescued-by-health-workers-after-being-brutally-assaulted-Photo-0001.jpg,480p
https://media.deepgoretube.site/uploads/2021/08/Heart-beating-out-of-dead-mans-body-after-terrible-car-accident-Photo-0001.jpg,360p
https://media.deepgoretube.site/uploads/2021/08/Man-being-stoned-and-stomped-to-death-by-a-mad-man-in-broad-daylight-Photo-0001.jpg,720p
https://media.deepgoretube.site/uploads/2021/08/Woman-being-rescued-after-being-buried-alive-in-a-building-collapse-Photo-0001.jpg,480p
https://media.deepgoretube.site/uploads/2021/08/Mad-man-stabs-71-year-old-on-bus-for-no-reason-Photo-0001.jpg,480p
https://media.deepgoretube.site/uploads/2021/08/Man-tries-to-rob-Chinese-shop-and-is-punished-severely-on-the-spot-with-punches-and-kicks-Photo-0001.jpg,480p
https://media.deepgoretube.site/uploads/2021/08/Very-crazy-accident-involving-ambulance-and-motorcycle-in-China-Photo-0001.jpg,480p
https://media.deepgoretube.site/uploads/2021/08/Man-forgets-the-handbrake-and-his-family-goes-to-the-cliff-Photo-0001.jpg,480p
https://media.deepgoretube.site/uploads/2021/07/Fast-car-runs-over-people-like-bowling-pins-Photo-0001.jpg,480p
https://media.deepgoretube.site/uploads/2021/07/The-party-ends-with-a-fight-between-women-in-Brazil-Photo-0001.jpg,480p
https://media.deepgoretube.site/uploads/2021/07/Motorcyclist-has-a-motorcycle-accident-and-is-completely-mutilated-with-pieces-of-meat-scattered-around-the-street-Photo-0001.jpg,480p
https://media.deepgoretube.site/uploads/2021/07/Man-dies-charred-in-a-car-after-a-traffic-accident-in-Brazil-Photo-0001.jpg,480p
https://media.deepgoretube.site/uploads/2021/07/Woman-being-shot-dead-in-her-sleep-by-criminal-faction-members-in-Brazil-Photo-0001.jpg,480p
https://media.deepgoretube.site/uploads/2021/07/Bus-runs-over-crowd-that-was-fighting-in-the-middle-of-the-street-and-kills-a-19-year-old-girl-in-Poland-Photo-0001.jpg,480p
https://media.deepgoretube.site/uploads/2021/07/A-woman-tries-to-run-over-her-ex-boyfriend-with-a-car-but-when-she-fails-to-run-over-him-she-starts-a-physical-fight-Photo-0001.jpg,480p
https://media.deepgoretube.site/uploads/2021/07/Terrible-and-shocking-traffic-accident-in-Brazil-left-a-man-with-serious-injuries-Photo-0001.jpg,480p
https://media.deepgoretube.site/uploads/2021/07/Thief-suffers-immediate-punishment-for-trying-to-open-a-door-to-steal-Photo-0001.jpg,480p
https://media.deepgoretube.site/uploads/2021/07/Worker-had-his-hand-crushed-in-meat-grinder-in-tragic-work-accident-very-sad-Photo-0001.jpg,480p
https://media.deepgoretube.site/uploads/2021/07/Was-it-a-machete-attack-that-caused-this-Hes-lucky-to-be-alive-Photo-0001.jpg,480p
https://media.deepgoretube.site/uploads/2021/07/Girls-fighting-after-one-of-them-tries-to-run-over-the-other-twice-with-a-car-Photo-0001.jpg,480p
https://media.deepgoretube.site/uploads/2021/07/Man-is-murdered-and-left-in-a-strange-position-in-Indonesia-Photo-0001.jpg,480p
https://media.deepgoretube.site/uploads/2021/07/Man-decapitated-by-gang-members-Im-Brazil-Photo-0001.jpg,480p
https://media.deepgoretube.site/uploads/2021/07/Accidental-shot-with-heavy-weapon-eliminates-the-commemorator-Photo-0001.jpg,480p
https://media.deepgoretube.site/uploads/2021/07/Man-being-beaten-and-almost-lynched-to-death-in-Brazil-Photo-0001.jpg,480p
https://media.deepgoretube.site/uploads/2021/07/Motorcycle-crash-without-brakes-at-Kokpara-toll-plaza-East-Singhbhum-Jharkhand-India-Photo-0001.jpg,480p
https://media.deepgoretube.site/uploads/2021/07/Chinese-pervert-abusing-dead-hooker-in-motel-room-Is-it-real-This-is-sick-if-its-real-Photo-0001.jpg,480p
https://media.deepgoretube.site/uploads/2021/07/Woman-killed-in-India-near-the-river-Photo-0001.jpg,480p
https://media.deepgoretube.site/uploads/2021/07/Heart-ripped-out-still-beating-Photo-0001.jpg,480p
https://media.deepgoretube.site/uploads/2021/07/Police-officer-arrives-on-time-and-shoots-motorcycle-thieves-who-were-robbing-a-biker-Photo-0001.jpg,480p
https://media.deepgoretube.site/uploads/2021/07/Woman-walking-with-her-pet-is-brutally-attacked-by-a-pit-bull-in-the-middle-of-the-street-and-struggles-not-to-die-Photo-0001.jpg,480p
https://media.deepgoretube.site/uploads/2021/07/Man-with-a-serious-facial-problem-struggles-to-get-the-probe-inserted-Photo-0001.jpg,480p
https://media.deepgoretube.site/uploads/2021/07/Bullfighter-receives-the-severe-punishment-of-a-bull-for-spearing-him-with-a-spear-Photo-0001.jpg,480p
https://media.deepgoretube.site/uploads/2021/07/Bunny-attacks-humans-Photo-0001.jpg,360p
https://media.deepgoretube.site/uploads/2021/07/Rotten-baby-in-an-advanced-state-of-decomposition-is-found-in-fly-filled-garbage-Photo-001.jpg,480p
https://media.deepgoretube.site/uploads/2021/07/Indian-worker-being-electrocuted-to-death-in-terrible-work-accident-Photo-0001.jpg,480p
https://media.deepgoretube.site/uploads/2021/07/A-woman-attacked-by-a-pitbull-has-a-totally-disfigured-face-Photo-0001.jpg,720p
https://media.deepgoretube.site/uploads/2021/07/Couple-being-stabbed-to-death-in-broad-daylight-in-China-Photo-0001.jpg,1080p
https://media.deepgoretube.site/uploads/2021/07/Alleged-stepfather-is-punished-for-allegedly-molesting-his-own-stepdaughter-Photo-0001.jpg,480p
https://media.deepgoretube.site/uploads/2021/07/Man-is-hit-by-train-and-loses-both-legs-Photo-0001.jpg,480p
https://media.deepgoretube.site/uploads/2021/07/Old-pervert-is-beaten-with-baseball-bat-for-allegedly-molesting-young-girls-Photo-0001.jpg,480p
https://media.deepgoretube.site/uploads/2021/07/Alleged-thief-dying-on-the-sidewalk-after-allegedly-having-committed-a-robbery-Photo-0001.jpg,720p
https://media.deepgoretube.site/uploads/2021/07/Cow-attacks-a-4-year-old-girl-with-her-mother-shortly-after-giving-birth-to-a-calf-Photo-0001.jpeg,360p
https://media.deepgoretube.site/uploads/2021/07/Off-duty-police-officer-is-shot-in-the-chest-outside-a-bar-in-Brazil-Photo-0001.jpg,360p
https://media.deepgoretube.site/uploads/2021/07/Alleged-thief-being-hard-beaten-for-having-robbed-motorcycle-courier-worker-in-Brazil-Photo-0001.jpg,480p
https://media.deepgoretube.site/uploads/2021/07/Doctor-removing-chicken-bone-that-pierced-a-patients-intestine-Photo-0001.jpg,360p
https://media.deepgoretube.site/uploads/2021/07/Guy-punished-for-stealing-cell-phones-in-favela-in-Brazil-They-never-learn-Photo-0001.jpg,720p
https://media.deepgoretube.site/uploads/2021/07/Man-goes-to-fight-to-defend-a-girl-against-three-men-in-Mexico-and-knocks-out-one-of-them-Photo-0001.jpg,720p
https://media.deepgoretube.site/uploads/2021/07/Alleged-thief-being-savagely-beaten-by-villagers-who-want-to-take-justice-into-their-own-hands-Photo-0001.jpg,360p
https://media.deepgoretube.site/uploads/2021/07/Rival-gang-member-being-beheaded-in-the-jungle-in-some-known-country-Photo-0001.jpg,480p
https://media.deepgoretube.site/uploads/2021/07/Machete-attack-leaves-man-in-critical-condition-Photo-0001.jpg,360p
https://media.deepgoretube.site/uploads/2021/07/An-alleged-thief-is-severely-punished-for-stealing-on-the-outskirts-of-the-favela-in-Brazil-Photo-0001.jpg,480p
https://media.deepgoretube.site/uploads/2021/07/Dog-owners-fighting-and-arguing-in-the-middle-of-the-street-until-the-worst-happens-in-the-UK-Photo-0001.jpg,480p
https://media.deepgoretube.site/uploads/2021/07/The-dumbest-action-Ive-ever-seen-Photo-0001.jpg,720p
https://media.deepgoretube.site/uploads/2021/07/A-well-done-professional-autopsy-to-remove-the-brain-Photo-0001.jpg,360p
https://media.deepgoretube.site/uploads/2021/07/Member-of-the-criminal-faction-commemorates-his-enemys-death-by-raising-his-beheaded-head-in-the-air-Photo-0001.jpg,360p
https://media.deepgoretube.site/uploads/2021/07/Electric-motorcycle-explodes-out-of-nowhere-and-the-little-girl-being-transported-is-burned-alive-Photo-0001.jpg,360p
https://media.deepgoretube.site/uploads/2021/07/Motorcyclist-crushed-by-truck-is-thrown-on-the-ground-while-popular-film-his-misfortune-Photo-0001.jpg,480p
https://media.deepgoretube.site/uploads/2021/07/The-body-of-an-unidentified-woman-was-found-floating-in-the-Bandh-Baraitha-Dam-Photo-0001.jpg,480p
https://media.deepgoretube.site/uploads/2021/07/No-limits-to-madness-Photo-0001.jpg,480p
https://media.deepgoretube.site/uploads/2021/07/Man-is-run-over-by-a-bus-and-waits-patiently-for-help-lying-on-the-ground-with-his-leg-and-part-of-his-buttocks-all-destroyed-Photo-0001.jpg,480p
https://media.deepgoretube.site/uploads/2021/07/Girl-dies-in-terrible-traffic-accident-Unfortunately-when-death-comes-theres-not-much-you-can-do-Photo-0001.jpg,480p
https://media.deepgoretube.site/uploads/2021/07/Man-is-torn-apart-when-suffers-a-traffic-accident-in-Brazil-Photo-0001.jpg,480p
https://media.deepgoretube.site/uploads/2021/07/Cinematic-traffic-accident-shows-that-flying-cars-are-still-possible-Photo-0001.jpg,480p
https://media.deepgoretube.site/uploads/2021/07/Truck-smashes-cyclists-head-while-passing-him-Photo-0001.jpg,480p
https://media.deepgoretube.site/uploads/2021/07/Completely-burned-body-until-the-skull-appears-Photo-0001.jpg,480p
https://media.deepgoretube.site/uploads/2021/07/Young-girl-being-beaten-and-massacred-by-two-cowardly-bums-Photo-0001.jpg,480p
https://media.deepgoretube.site/uploads/2021/07/Two-women-fighting-like-all-women-should-fight-Photo-0001.jpg,480p
https://media.deepgoretube.site/uploads/2021/07/Woman-survives-multiple-stab-wounds-to-the-neck-Photo-0001.jpg,480p
https://media.deepgoretube.site/uploads/2021/07/A-bus-passes-over-a-womans-head-and-her-brain-is-destroyed-in-Brazil-Photo-0001.jpg,480p
https://media.deepgoretube.site/uploads/2021/07/Person-burned-alive-when-lighting-giant-torch-Photo-0001.jpg,1080p
https://media.deepgoretube.site/uploads/2021/07/Cyclists-chest-opened-while-passing-on-barbed-wire-fence-Photo-0001.jpg,480p
https://media.deepgoretube.site/uploads/2021/07/Brazilian-policemen-fighting-with-several-scoundrels-in-the-middle-of-the-street-in-a-generalized-brawl-Photo-0001.jpg,480p
https://media.deepgoretube.site/uploads/2021/07/Knee-bone-exposed-after-a-traffic-accident-Photo-0001.jpg,360p
https://media.deepgoretube.site/uploads/2021/07/Young-girl-with-overdose-of-narcotics-Photo-0001.jpg,360p
https://media.deepgoretube.site/uploads/2021/07/Guy-hanged-in-an-advanced-state-of-decomposition-in-Brazil-Photo-0001.jpg,480p
https://media.deepgoretube.site/uploads/2021/07/Woman-has-a-motorcycle-accident-and-has-her-arm-completely-open-and-destroyed-during-the-fall-Photo-0001.jpg,720p
https://media.deepgoretube.site/uploads/2021/07/His-tongue-is-the-only-thing-visible-on-his-whole-face-destroyed-by-cancer-Photo-0001.jpg,480p
https://media.deepgoretube.site/uploads/2021/07/Guy-with-his-face-blown-up-Photo-0001.jpg,480p
https://media.deepgoretube.site/uploads/2021/07/Suicide-woman-hanged-together-with-her-small-children-Photo-0001.jpg,480p
https://media.deepgoretube.site/uploads/2021/07/They-would-rather-jump-to-escape-the-flames-than-stay-and-be-burned-alive-Photo-0001.jpg,480p
https://media.deepgoretube.site/uploads/2021/07/Several-girls-fighting-in-the-ladies-room-in-an-all-out-brawl-Photo-0001.jpg,480p
https://media.deepgoretube.site/uploads/2021/07/Cutting-his-fingers-off-as-punishment-for-not-obeying-the-laws-of-criminals-I-cant-even-imagine-his-pain-Photo-0001.jpg,480p
https://media.deepgoretube.site/uploads/2021/07/Bizarre-baby-with-two-faces-Photo-0001.jpg,480p
https://media.deepgoretube.site/uploads/2021/07/Does-anyone-know-what-the-hell-this-is-Photo-0001.jpg,480p
https://media.deepgoretube.site/uploads/2021/07/His-jaw-was-completely-destroyed-Photo-0001.jpg,480p
https://media.deepgoretube.site/uploads/2021/07/Person-with-a-terrible-genetic-disease-suffers-from-not-finding-a-cure-Photo-0001.jpg,480p
https://media.deepgoretube.site/uploads/2021/07/Man-loses-his-eye-and-part-of-his-face-in-a-motorcycle-accident-in-India-Photo-0001.jpg,720p
https://media.deepgoretube.site/uploads/2021/07/Guy-with-his-head-blown-off-and-his-brain-splattered-across-the-asphalt-Photo-0001.jpg,320p
https://media.deepgoretube.site/uploads/2021/07/Terrible-accident-with-truck-shows-the-despair-of-the-driver-Photo-0001.jpg,360p
https://media.deepgoretube.site/uploads/2021/07/Police-trojan-for-Salgueiro-bandits-Photo-0001.png,HD Photos
https://media.deepgoretube.site/uploads/2020/10/Deep-Gore-Tube-Logo-0001-512x512px.png,
https://media.deepgoretube.site/uploads/2021/07/Goat-gives-birth-to-a-bizarre-creature-mixed-with-humans-in-Brazil-Photo-0001.jpg,480p
https://media.deepgoretube.site/uploads/2021/07/Patient-with-a-wide-open-forehead-due-to-an-accident-Photo-0001.jpg,320p
https://media.deepgoretube.site/uploads/2021/07/Doctor-treating-rotten-decaying-foot-with-leeches-Photo-0001.jpg,480p
https://media.deepgoretube.site/uploads/2021/07/A-man-fleeing-from-the-police-has-an-accident-while-fleeing-in-Brazil-Photo-0001.jpg,360p
https://media.deepgoretube.site/uploads/2021/07/Woman-is-raped-and-killed-with-an-ax-blow-to-the-head-somewhere-in-Brazil-Photo-0001.jpg,480p
https://media.deepgoretube.site/uploads/2021/07/Dead-mans-body-is-found-on-the-beach-tied-up-and-blindfolded-Photo-0001.jpg,480p
https://media.deepgoretube.site/uploads/2021/07/A-man-brutally-beating-a-woman-mercilessly-Photo-0001.jpg,360p
https://media.deepgoretube.site/uploads/2021/07/Patient-with-Neurofibromatosis-a-terrible-genetic-disease-that-destroys-human-life-Photo-0001.jpg,480p
https://media.deepgoretube.site/uploads/2021/07/Man-burning-alive-inside-tire-in-Africa-in-public-lynching-Photo-0001.jpg,320p
https://media.deepgoretube.site/uploads/2021/07/See-what-happens-if-you-get-hit-on-the-head-by-a-tree-trunk-Photo-0001.jpg,480p
https://media.deepgoretube.site/uploads/2021/07/Man-being-burned-alive-in-the-bush-for-no-apparent-reason-Photo-0001.jpg,320p
https://media.deepgoretube.site/uploads/2021/07/Young-man-being-punished-with-gunshots-to-the-hands-and-feet-by-faction-members-Photo-0001.jpg,480p
https://media.deepgoretube.site/uploads/2021/07/The-most-violent-cow-kick-in-the-world-Photo-0001.jpg,480p
https://media.deepgoretube.site/uploads/2021/07/Dead-man-with-an-open-neck-almost-decapitated-I-dont-know-whether-by-accident-or-by-murder-Photo-0001.jpg,720p
https://media.deepgoretube.site/uploads/2021/07/Man-burns-another-mans-guts-that-protrude-from-the-belly-to-prevent-any-kind-of-infection-Photo-0001.jpg,360p
https://media.deepgoretube.site/uploads/2021/07/Man-is-gunned-down-while-stopping-at-traffic-lights-Photo-0001.jpg,480p
https://media.deepgoretube.site/uploads/2021/07/Client-reacts-to-the-robbery-in-the-cafeteria-and-kills-one-of-the-robbers-and-a-woman-Photo-0001.jpg,360p
https://media.deepgoretube.site/uploads/2021/07/Mother-and-her-baby-in-baby-carriage-being-run-over-and-crushed-by-truck-in-reverse-in-Tyumen-Russia-Photo-0001.jpg,480p
https://media.deepgoretube.site/uploads/2021/07/Dog-suffering-from-serious-and-unknown-disease-Photo-0001.jpg,480p
https://media.deepgoretube.site/uploads/2021/07/Young-man-burning-alive-in-Kenya-as-punishment-in-lynching-Photo-0001.jpg,480p
https://media.deepgoretube.site/uploads/2021/07/Rescue-fails-in-Russia-and-victim-suffers-the-worst-fall-of-his-life-Photo-0001.jpg,720p
https://media.deepgoretube.site/uploads/2021/07/Woman-is-the-only-survivor-of-a-terrible-traffic-accident-in-China-Photo-0001.jpg,720p
https://media.deepgoretube.site/uploads/2021/07/Dead-bodies-in-the-jungle-somewhere-in-Venezuela-Trinidadians-Photo-0001.jpg,1080p
https://media.deepgoretube.site/uploads/2021/07/Bunch-of-corpses-decapitated-in-ethnic-warfare-in-Uganda-by-Islamic-terrorists-Photo-0001.jpg,480p
https://media.deepgoretube.site/uploads/2021/07/The-whole-family-is-attacked-with-ax-blows-and-shortly-thereafter-the-family-cat-eats-parts-of-the-brain-Photo-0001.jpg,480p
https://media.deepgoretube.site/uploads/2021/07/In-India-women-are-treated-like-this-a-woman-is-hung-by-a-rope-and-whipped-by-her-own-relatives-Photo-0001.jpg,480p
https://media.deepgoretube.site/uploads/2021/07/Couple-fighting-violently-with-lots-of-blood-inside-elevator-in-Russia-Photo-0001.jpg,360p
https://media.deepgoretube.site/uploads/2021/07/Two-girls-being-shot-and-executed-in-Brazil-by-members-of-criminal-factions-Photo-0001.jpg,480p
https://media.deepgoretube.site/uploads/2021/07/Woman-crushed-by-wheel-of-military-truck-Photo-0001.jpg,480p
https://media.deepgoretube.site/uploads/2021/07/Motorcycle-accident-leaves-people-destroyed-in-Brazil-with-scenes-of-terror-Photo-0001.jpg,480p
https://media.deepgoretube.site/uploads/2021/07/Boy-with-his-neck-cut-off-almost-decapitated-by-a-kite-wax-line-while-riding-a-motorcycle-Photo-0001.jpg,480p
https://media.deepgoretube.site/uploads/2021/07/Man-is-filmed-cutting-unconscious-motorcyclists-neck-on-the-ground-Photo-0001.jpg,480p
https://media.deepgoretube.site/uploads/2021/07/A-woman-has-an-accident-and-is-crushed-by-a-truck-that-leaves-her-dead-on-the-side-of-the-road-Photo-0001.jpg,480p
https://media.deepgoretube.site/uploads/2021/07/Advanced-electronic-leg-demonstrates-the-evolution-of-cybernetic-implants-Photo-0001.jpg,360p
https://media.deepgoretube.site/uploads/2021/07/Man-is-torn-apart-by-shark-attack-on-a-beach-in-Brazil-Photo-0001.jpg,480p
https://media.deepgoretube.site/uploads/2021/07/Man-with-his-head-all-disfigured-by-a-shotgun-blast-Photo-0001.jpg,480p
https://media.deepgoretube.site/uploads/2021/07/Man-breaks-his-legs-during-bodybuilding-I-cant-even-imagine-his-pain-Photo-0001.jpg,480p
https://media.deepgoretube.site/uploads/2021/07/Female-bullying-ends-in-tragedy-when-the-victim-decides-to-jump-off-a-building-and-commit-suicide-Photo-0001.jpg,480p
https://media.deepgoretube.site/uploads/2021/07/It-was-clear-that-something-was-going-to-go-wrong-with-this-bizarre-rocking-toy-Photo-0001.jpg,480p
https://media.deepgoretube.site/uploads/2021/07/Municipal-guard-goes-crazy-and-kills-four-people-in-a-bar-in-Brazil-Photo-0001.jpg,480p
https://media.deepgoretube.site/uploads/2021/07/Children-film-their-mother-being-shot-during-a-traffic-fight-in-Brazil-Its-heartbreaking-Photo-0001.jpg,360p
https://media.deepgoretube.site/uploads/2021/07/A-dead-womans-body-is-found-in-an-advanced-state-of-decomposition-and-with-a-piece-of-wood-stuck-in-her-ass-Photo-0001.jpg,480p
https://media.deepgoretube.site/uploads/2021/07/Terrible-motorcycle-collision-in-Vietnam-Photo-0001.jpg,360p
https://media.deepgoretube.site/uploads/2021/07/Black-woman-tries-to-bite-police-officer-at-Walmart-and-she-gets-punched-in-the-face-Photo-0001.jpg,360p
https://media.deepgoretube.site/uploads/2021/07/Alleged-terrorists-being-shot-down-as-they-fled-their-burning-home-Photo-0001.jpg,320p
https://media.deepgoretube.site/uploads/2021/07/Parking-service-in-China-is-like-that-Photo-0001.jpg,360p
https://media.deepgoretube.site/uploads/2021/07/Pregnant-woman-walking-down-the-street-dies-when-crushed-by-a-falling-wall-in-Choluteca-Honduras-Photo-0001.jpg,320p
https://media.deepgoretube.site/uploads/2021/07/Snake-is-the-cause-of-a-terrible-bus-accident-Photo-0001.jpg,240p
https://media.deepgoretube.site/uploads/2021/07/Mother-despairs-when-she-sees-her-sons-rotten-body-killed-by-a-criminal-faction-in-Brazil-Photo-0001.jpg,360p
https://media.deepgoretube.site/uploads/2021/07/Woman-explaining-the-mortal-wounds-of-a-dead-woman-inside-the-coffin-Photo-0001.jpg,480p
https://media.deepgoretube.site/uploads/2021/07/New-drug-turns-people-into-crazy-zombies-in-Russia-Photo-0001.jpg,480p
https://media.deepgoretube.site/uploads/2021/07/Lots-of-people-fighting-after-the-game-is-over.-I-dont-know-where-it-happened-or-what-game-it-refers-to-Photo-0001.jpg,720p
https://media.deepgoretube.site/uploads/2021/07/Toy-loses-his-balance-and-almost-flies-through-the-air-if-the-Good-Samaritans-hadnt-helped-with-their-weight-Photo-0001.jpg,480p
https://media.deepgoretube.site/uploads/2021/07/Woman-with-one-of-her-buttocks-completely-destroyed-by-injection-of-vegetable-oil-or-silicone-Photo-0001.jpg,720p
https://media.deepgoretube.site/uploads/2021/07/Two-bandits-invade-a-family-home-in-Brazil-but-the-husband-manages-to-break-free-and-kill-them-both-Photo-0001.jpg,480p
https://media.deepgoretube.site/uploads/2021/06/Origins-of-a-sick-mind-Photo-0001.jpg,480p
https://media.deepgoretube.site/uploads/2021/06/Angry-woman-goes-after-another-woman-to-fight-even-with-her-holding-a-child-Photo-0001.jpg,480p
https://media.deepgoretube.site/uploads/2021/06/Completely-rotten-hand-with-worms-running-through-the-flesh-Photo-0001.jpg,480p
https://media.deepgoretube.site/uploads/2021/06/Hyena-devours-the-giraffe-and-turns-the-dead-giraffes-open-belly-into-its-lair-Photo-0001.jpg,480p
https://media.deepgoretube.site/uploads/2021/06/Fishermen-rip-the-heart-out-of-a-big-fish-and-leave-it-agonizing-in-pain-until-it-dies-Photo-0001.jpg,480p
https://media.deepgoretube.site/uploads/2021/06/Man-being-tortured-beaten-and-killed-shortly-thereafter-Photo-0001.jpg,720p
https://media.deepgoretube.site/uploads/2021/06/Motorcycle-accident-leaves-victim-in-a-very-bizarre-position-in-Brazil-Photo-0001.jpg,720p
https://media.deepgoretube.site/uploads/2021/06/Brutal-beating-and-killing-in-the-jungle-somewhere-in-the-world-Photo-0001.jpg,360p
https://media.deepgoretube.site/uploads/2021/06/Truck-leaves-trail-of-carnage-on-asphalt-in-traffic-accident-in-Mexico-Photo-0001.jpg,480p
https://media.deepgoretube.site/uploads/2021/06/Explosion-of-barrels-in-a-work-accident-in-Sri-Lanka-Photo-0001.jpg,720p
https://media.deepgoretube.site/uploads/2021/06/Man-being-burned-alive-after-allegedly-shooting-a-motorcyclist-and-trying-to-steal-his-motorcycle-in-Nigeria-Photo-0001.jpg,480p
https://media.deepgoretube.site/uploads/2021/06/A-woman-is-beaten-and-stabbed-by-her-ex-husband-in-a-cafeteria-and-only-one-woman-in-a-yellow-shirt-and-another-woman-in-a-light-blue-shirt-Photo-0001.jpg,720p
https://media.deepgoretube.site/uploads/2021/06/Woman-falls-off-a-motorcycle-and-her-head-explodes-when-it-is-crushed-by-a-moving-truck-tire-in-yet-another-terrible-traffic-accident-in-Brazil-Photo-0001.jpg,360p
https://media.deepgoretube.site/uploads/2021/06/A-completely-face-disfigured-man-There-is-no-information-on-whether-it-was-the-result-of-an-accident-or-serious-illness-Photo-0001.jpg,480p
https://media.deepgoretube.site/uploads/2021/06/Woman-loses-control-when-neighbor-complains-about-dog-barking-Photo-0001.jpg,720p
https://media.deepgoretube.site/uploads/2021/06/Man-dying-in-hospital-after-suffering-serious-injuries-Photo-0001.jpg,480p
https://media.deepgoretube.site/uploads/2021/06/Man-being-severely-punished-by-drug-dealer-in-the-best-Brazilian-style-in-the-favela-Photo-0001.jpg,480p
https://media.deepgoretube.site/uploads/2021/06/Man-in-agony-and-in-great-pain-after-being-burned-alive-and-not-dying-Photo-0001.jpg,480p
https://media.deepgoretube.site/uploads/2021/06/It-was-clear-that-it-was-going-to-go-wrong-Photo-0001.jpg,480p
https://media.deepgoretube.site/uploads/2021/06/Doctor-extracting-pus-from-an-infected-eye-Photo-0001.jpg,360p
https://media.deepgoretube.site/uploads/2021/06/Girl-all-bloodied-after-near-death-attack-Photo-0001.jpg,480p
https://media.deepgoretube.site/uploads/2021/06/Man-being-stabbed-in-Argentina-for-allegedly-not-paying-for-two-cans-of-beer-Photo-0001.jpg,480p
https://media.deepgoretube.site/uploads/2021/06/Store-attendant-is-shot-several-times-in-an-attempted-execution-in-Bogota-Colombia-Photo-0001.jpg,360p
https://media.deepgoretube.site/uploads/2021/06/Woman-is-tied-up-dragged-out-of-her-house-and-beheaded-with-machete-blows-in-Africa-Photo-0001.jpg,480p
https://media.deepgoretube.site/uploads/2021/06/Man-has-his-ears-cut-off-with-a-kitchen-knife-and-is-forced-to-eat-his-own-ear-Photo-0001.jpg,480p
https://media.deepgoretube.site/uploads/2021/06/Man-being-slaughtered-with-machete-blows-and-shot-killed-soon-after-Photo-0001.jpg,480p
https://media.deepgoretube.site/uploads/2021/06/Smokers-rotten-lung-Photo-0001.jpg,720p
https://media.deepgoretube.site/uploads/2021/06/Poor-animal-being-beheaded-and-having-its-blood-drained-Photo-0001.jpg,720p
https://media.deepgoretube.site/uploads/2021/06/Woman-is-run-over-by-car-in-China-and-flies-through-the-air-because-of-the-impact-Photo-0001.jpg,720p
https://media.deepgoretube.site/uploads/2021/06/Man-cutting-off-the-head-of-his-own-toy.-Is-it-real-I-dont-know-it-seems-to-be-fake-Photo-0001.jpg,212p
https://media.deepgoretube.site/uploads/2021/06/Man-is-executed-with-machine-gun-fire-by-cartel-members-until-his-guts-protrude-from-his-belly-Photo-0001.jpg,480p
https://media.deepgoretube.site/uploads/2021/06/Russian-man-armed-with-knife-is-shot-dead-by-police-in-Russia-Photo-0001.jpg,240p
https://media.deepgoretube.site/uploads/2021/06/Alleged-attempted-sexual-abuse-is-broadcast-live-on-Facebook-Photo-0001.jpg,360p
https://media.deepgoretube.site/uploads/2021/06/Worker-falls-into-machine-and-is-crushed-to-death-Photo-0001.jpg,720p
https://media.deepgoretube.site/uploads/2021/06/Motorcyclist-is-shot-from-a-12-gauge-shotgun-in-the-head-and-dies-on-the-ground-Photo-0001.jpg,360p
https://media.deepgoretube.site/uploads/2021/06/Pedestrian-crushed-by-a-truck-that-traveled-at-40-kilometers-per-hour-of-speed-Photo-0001.jpg,720p
https://media.deepgoretube.site/uploads/2021/06/Bodies-of-dead-people-allegedly-executed-by-police-in-Nigeria-Photo-0001.jpg,480p
https://media.deepgoretube.site/uploads/2021/06/Disproportionate-use-of-force-Woman-being-dragged-to-car-by-local-Moscow-police-Photo-0001.jpg,480p
https://media.deepgoretube.site/uploads/2021/06/Man-with-knife-stuck-in-his-chest-Photo-0001.jpg,360p
https://media.deepgoretube.site/uploads/2021/06/Russian-girls-fighting-violently-Photo-0001.jpg,480p
https://media.deepgoretube.site/uploads/2021/06/Favela-law-in-Brazil-never-forgives-offenders-never-Photo-0001.jpg,480p
https://media.deepgoretube.site/uploads/2021/06/Motorcycles-collide-in-a-traffic-accident-in-Brazil-Photo-0001.jpg,320p
https://media.deepgoretube.site/uploads/2021/06/Surgical-procedure-on-fractured-arm-while-doctor-explains-what-to-do-Photo-0001.jpg,480p
https://media.deepgoretube.site/uploads/2021/06/Another-young-woman-being-punished-with-wooden-blows-for-fighting-in-the-favela-in-Brazil-Photo-0001.jpg,480p
https://media.deepgoretube.site/uploads/2021/06/Woman-dies-in-a-very-serious-traffic-accident-in-St.-Petersburg-Russia-Photo-0001.jpg,1080p
https://media.deepgoretube.site/uploads/2021/06/Man-is-injured-with-fireworks-in-Brazil-Photo-0001.jpg,720p
https://media.deepgoretube.site/uploads/2021/06/A-terrible-injury-on-the-heel-Photo-0001.jpg,480p
https://media.deepgoretube.site/uploads/2021/06/Man-smashed-to-the-ground-after-traffic-accident-with-some-body-parts-crushed-Photo-0001.jpg,480p
https://media.deepgoretube.site/uploads/2021/06/Man-performs-knife-attack-and-kills-at-least-3-people-in-Wurzburg-Germany-Photo-0001.jpg,480p
https://media.deepgoretube.site/uploads/2021/06/Decapitated-body-thrown-in-the-middle-of-the-street-in-China-Photo-0001.jpg,480p
https://media.deepgoretube.site/uploads/2021/06/Worms-coming-out-of-a-dogs-skin-Photo-0001.jpg,480p
https://media.deepgoretube.site/uploads/2021/06/Hell-Slaughterhouse-Why-kill-a-horse-like-that-Photo-0001.jpg,480p
https://media.deepgoretube.site/uploads/2021/06/Entire-family-killed-in-tragic-traffic-accident-Photo-0001.jpg,480p
https://media.deepgoretube.site/uploads/2021/06/Girls-fighting-in-a-favela-in-Brazil-exhibit-violence-between-kicks-elbows-and-kicks-Photo-0001.jpg,480p
https://media.deepgoretube.site/uploads/2021/06/Man-is-crushed-by-steel-block-while-working-and-dying-Photo-0001.jpg,480p
https://media.deepgoretube.site/uploads/2021/06/Man-cuts-his-ex-girlfriends-neck-in-Myanmar-and-leaves-her-bleeding-on-the-ground-Photo-0001.jpg,1080p
https://media.deepgoretube.site/uploads/2021/06/Man-being-stabbed-to-death-in-the-middle-of-the-street-in-broad-daylight-with-no-mercy-Photo-0001.jpg,320p
https://media.deepgoretube.site/uploads/2021/06/Man-with-his-little-toy-cut-off-completely-undressed-and-bloodstained-looks-like-a-zombie-in-the-middle-of-the-street-somewhere-in-Russia-Photo-0001.jpg,480p
https://media.deepgoretube.site/uploads/2021/06/Alleged-thief-on-the-run-crying-like-a-baby-after-crashing-the-motorcycle-right-after-carrying-out-a-robbery-Photo-0001.jpg,480p
https://media.deepgoretube.site/uploads/2021/06/WhatsApp-Video-2021-02-01-at-23.21.58_thumb1.jpg,480p
https://media.deepgoretube.site/uploads/2021/06/Man-hit-by-truck-has-his-leg-completely-crushed-Photo-0001.jpg,1080p
https://media.deepgoretube.site/uploads/2021/06/Truck-runs-over-and-leaves-two-pedestrians-in-pitiful-living-conditions-Photo-0001.jpg,1080p
https://media.deepgoretube.site/uploads/2021/06/Man-is-charred-in-a-terrible-train-wreck-Photo-0001.jpg,480p
https://media.deepgoretube.site/uploads/2021/06/Man-being-tortured-terribly-in-the-Middle-East-Photo-0001.jpg,320p
https://media.deepgoretube.site/uploads/2021/06/Man-is-caught-stroking-his-private-parts-in-public-and-receives-several-ax-blows-as-punishment-Photo-0001.jpg,480p
https://media.deepgoretube.site/uploads/2021/06/Man-beats-alleged-cheating-wife-to-death-with-crowbar-in-the-middle-of-the-street-Photo-0001.jpg,720p
https://media.deepgoretube.site/uploads/2021/06/Terrible-traffic-accident-in-Bolivia-Photo-0001.jpg,360p
https://media.deepgoretube.site/uploads/2021/06/Man-is-killed-with-machete-blows-while-distracted-standing-on-the-sidewalk-Photo-0001.jpg,320p
https://media.deepgoretube.site/uploads/2021/06/Man-being-shot-killed-beheaded-dismembered-cut-in-a-half-and-has-his-heart-ripped-out-in-Venezuela-Photo-0001.jpg,480p
https://media.deepgoretube.site/uploads/2021/06/Death-and-disease-the-end-of-life-is-sad-Photo-0001.jpg,360p
https://media.deepgoretube.site/uploads/2021/06/Man-agonized-on-the-ground-after-being-brutally-beaten-and-people-instead-of-helping-prefer-to-film-him-Photo-0001.jpg,480p
https://media.deepgoretube.site/uploads/2021/06/Farmer-completely-dismembered-for-not-paying-extortion-debts-in-Venezuela-Photo-0001.jpg,480p
https://media.deepgoretube.site/uploads/2021/06/Woman-being-brutally-assaulted-by-men-in-a-car-Photo-0001.jpg,480p
https://media.deepgoretube.site/uploads/2021/06/Man-is-run-over-several-times-in-attempted-murder-in-Africa-using-a-car-Photo-0001.jpg,240p
https://media.deepgoretube.site/uploads/2021/06/Bricklayers-fighting-during-working-hours-Photo-0001.jpg,480p
https://media.deepgoretube.site/uploads/2021/06/Brutal-execution-in-a-cafeteria-in-broad-daylight-Photo-0001.jpg,360p
https://media.deepgoretube.site/uploads/2021/06/Woman-beating-husband-with-ax-for-treason-in-India-Photo-0001.jpg,360p
https://media.deepgoretube.site/uploads/2021/06/Old-man-is-attacked-by-two-ferocious-dogs-as-he-walks-down-the-street-Photo-0001.jpg,360p
https://media.deepgoretube.site/uploads/2021/06/Man-being-savagely-attacked-by-two-dogs-Photo-0001.jpg,360p
https://media.deepgoretube.site/uploads/2021/06/Drunk-driver-runs-over-boy-walking-down-the-sidewalk-Photo-0001.jpg,360p
https://media.deepgoretube.site/uploads/2021/06/Man-throws-himself-to-death-in-Butterworth-Penang-Malaysia-Photo-0001.jpg,1080p
https://media.deepgoretube.site/uploads/2021/06/Women-fighting-violently-in-the-slum-in-Africa-Photo-0001.jpg,480p
https://media.deepgoretube.site/uploads/2021/06/Two-football-players-die-during-a-game-when-struck-by-lightning-Photo-0001.jpg,360p
https://media.deepgoretube.site/uploads/2021/06/A-man-stabs-a-woman-in-the-river-and-is-stopped-by-a-resident-only-after-her-death-Photo-0001.jpg,480p
https://media.deepgoretube.site/uploads/2021/06/A-woman-has-her-house-invaded-by-men-in-Russia-and-has-her-hair-forced-shaved-off-as-punishment-Photo-0001.jpg,480p
https://media.deepgoretube.site/uploads/2021/06/Woman-and-man-die-in-a-tragic-and-violent-traffic-accident-Photo-0001.jpg,360p
https://media.deepgoretube.site/uploads/2021/06/Giant-crocodile-attacks-and-kills-woman-in-Mexico-Photo-0001.jpg,480p
https://media.deepgoretube.site/uploads/2021/06/pseudopersona_thumb2.jpg,480p
https://media.deepgoretube.site/uploads/2021/06/Disturbed-woman-pours-alcohol-on-her-own-body-and-sets-it-on-fire-in-Brazil-Photo-0001.jpg,480p
https://media.deepgoretube.site/uploads/2021/06/Disastrous-police-persecution-on-foot-in-Brazil-Photo-0001.jpg,320p
https://media.deepgoretube.site/uploads/2021/06/Worker-loses-both-legs-in-a-tractor-work-accident-Photo-0001.jpg,480p
https://media.deepgoretube.site/uploads/2021/06/The-devils-toilet-bowl-Photo-0001.jpg,720p
https://media.deepgoretube.site/uploads/2021/06/Bizarre-creature-good-job-Photo-0001.jpg,480p
https://media.deepgoretube.site/uploads/2021/06/Boy-on-a-bicycle-is-shot-dead-and-thrown-on-the-ground-Photo-0001.jpg,480p
https://media.deepgoretube.site/uploads/2021/06/Thief-tries-to-rob-another-drunk-thief-and-gets-beaten-a-lot-in-Brazil-Photo-0001.jpg,480p
https://media.deepgoretube.site/uploads/2021/06/A-patient-furious-with-the-quality-of-care-provided-by-a-hospital-cuts-his-own-femoral-vein-in-Brazil-when-he-was-injured-during-an-attack-of-rage-Photo-0001.jpg,480p
https://media.deepgoretube.site/uploads/2021/06/Man-shoots-his-own-hand-during-wedding-party-in-Pakistan-Photo-0001.jpg,360p
https://media.deepgoretube.site/uploads/2021/06/Bus-driver-gets-distracted-by-lighting-cigarettes-and-causes-a-great-accident-Photo-0001.jpg,320p
https://media.deepgoretube.site/uploads/2021/06/Boy-being-punished-with-gunshots-to-his-hands-for-stealing-in-the-vicinity-of-a-favela-in-Brazil-Photo-0001.jpg,480p
https://media.deepgoretube.site/uploads/2021/06/Man-throws-himself-into-suicide-from-above-a-building-and-dies-miserably-Photo-0001.jpg,360p
https://media.deepgoretube.site/uploads/2021/06/Boy-cutting-his-own-arm-in-self-harm-session-Photo-0001.jpg,360p
https://media.deepgoretube.site/uploads/2021/06/Man-goes-after-thieves-who-recently-stole-his-motorcycle-using-a-borrowed-motorcycle-and-is-miserably-killed-in-Brazil-Photo-0001.jpg,360p
https://media.deepgoretube.site/uploads/2021/06/Car-being-swallowed-by-giant-crater-in-the-street-Photo-0001.jpg,360p
https://media.deepgoretube.site/uploads/2021/06/Human-spider-falling-off-the-cliff-Photo-0001.jpg,480p
https://media.deepgoretube.site/uploads/2021/06/Woman-cuts-her-boyfriends-toy-and-holds-it-sitting-on-the-floor-while-crying-Photo-0001.jpg,360p
https://media.deepgoretube.site/uploads/2021/06/Woman-destroyed-in-motorcycle-accident-in-Brazil-very-sad-and-terrible-Photo-0001.jpg,480p
https://media.deepgoretube.site/uploads/2021/06/Fight-in-the-bathroom-ends-badly-for-one-of-the-fighters-Photo-0001.jpg,360p
https://media.deepgoretube.site/uploads/2021/06/Open-tibial-tendon-wound-Photo-0001.jpg,480p
https://media.deepgoretube.site/uploads/2021/06/Man-being-stabbed-several-times-in-broad-daylight-with-policeman-nearby-who-does-nothing-in-China-Photo-0001.jpg,480p
https://media.deepgoretube.site/uploads/2021/06/Alleged-thief-has-his-fingers-ripped-off-with-machete-blows-as-punishment-for-allegedly-committing-several-robberies-throughout-the-favela-in-Brazil-Photo-0001.jpg,480p
https://media.deepgoretube.site/uploads/2021/06/Couple-getting-beaten-up-as-punishment-in-the-Brazilian-favela-by-thugs-Photo-0001.jpg,480p
https://media.deepgoretube.site/uploads/2021/06/Alleged-member-of-Free-Burma-Rangers-gang-being-tortured-beheaded-and-killed-in-Mianmar-Photo-0001.jpg,480p
https://media.deepgoretube.site/uploads/2021/06/Chief-cooking-soup-with-style-in-the-kitchen-Photo-0001.jpg,360p
https://media.deepgoretube.site/uploads/2021/06/Dentist-removing-giant-tartar-from-a-patients-teeth-Photo-0001.jpg,480p
https://media.deepgoretube.site/uploads/2021/06/This-little-mouse-is-worth-more-than-all-those-humans-who-did-this-to-him-Photo-0001.jpg,480p
https://media.deepgoretube.site/uploads/2021/06/Man-has-a-planting-of-worms-on-the-thigh-of-his-rotten-leg-Photo-0001.jpg,480p
https://media.deepgoretube.site/uploads/2021/06/A-woman-takes-several-sips-from-a-machete-in-Brazil-and-agonizes-on-the-floor-in-an-attempt-at-murder-and-femicide-Photo-0001.jpg,480p
https://media.deepgoretube.site/uploads/2021/06/Woman-is-beheaded-by-train-in-Brazil-Photo-0001.jpg,480p
https://media.deepgoretube.site/uploads/2021/06/Man-being-castrated-alive-by-pit-bull-dogs-bite-This-man-is-having-his-genitals-eaten-by-a-dog-Photo-0001.jpg,720p
https://media.deepgoretube.site/uploads/2021/06/Female-guard-fully-awake-with-head-almost-cut-in-half-in-Cameroon-Photo-0001.jpg,480p
https://media.deepgoretube.site/uploads/2021/06/Woman-repeatedly-hits-another-womans-head-with-a-rock-during-a-fight-Photo-0001.jpg,360p
https://media.deepgoretube.site/uploads/2021/06/Man-wounded-with-machete-blows-in-Brazil-Photo-0001.jpg,480p
https://media.deepgoretube.site/uploads/2021/06/Man-with-open-skull-on-asphalt-by-traffic-accident-in-Africa-Photo-0001.jpg,480p
https://media.deepgoretube.site/uploads/2021/06/Man-dying-on-the-sidewalk-all-bloody-Photo-0001.jpg,480p
https://media.deepgoretube.site/uploads/2021/06/UFC-in-the-favela-of-Brazil-is-like-that-Photo-0001.jpg,720p
https://media.deepgoretube.site/uploads/2021/06/Man-sticking-his-finger-up-a-drunks-ass-Photo-0001.jpg,360p
https://media.deepgoretube.site/uploads/2021/06/Woman-full-of-burn-blisters-on-her-body-in-Africa-Photo-0001.jpg,480p
https://media.deepgoretube.site/uploads/2021/06/Man-all-dismembered-for-supposedly-having-participated-in-the-death-of-a-singer-Photo-0001.jpg,480p
https://media.deepgoretube.site/uploads/2021/06/Crushed-and-destroyed-body-in-a-traffic-accident-Photo-0001.jpg,480p
https://media.deepgoretube.site/uploads/2021/06/A-man-becomes-a-human-torch-in-Brazil-in-a-suicide-attempt-Photo-0001.jpg,480p
https://media.deepgoretube.site/uploads/2021/06/A-15-year-old-child-is-hit-by-a-car-in-China-and-dies-Photo-0001.jpg,720p
https://media.deepgoretube.site/uploads/2021/06/Woman-crushed-by-truck-wheel-still-moving-while-agonizing-in-pain-in-China-Photo-0001.jpg,1080p
https://media.deepgoretube.site/uploads/2021/06/Transvestite-being-punished-for-alleged-theft-in-Brazil-Photo-0001.jpg,480p
https://media.deepgoretube.site/uploads/2021/06/Two-alleged-kidnappers-are-burned-alive-in-a-car-in-Nigeria-Photo-0001.jpg,480p
https://media.deepgoretube.site/uploads/2021/06/Woman-burned-alive-in-Colombia-during-fire-in-her-apartment-Photo-0001.jpg,360p
https://media.deepgoretube.site/uploads/2021/06/Barbecue-in-Nigeria-who-is-served-Photo-0001.jpg,480p
https://media.deepgoretube.site/uploads/2021/06/Bodies-are-mutilated-in-a-cinematic-traffic-accident-in-Russia-Photo-0001.jpg,480p
https://media.deepgoretube.site/uploads/2021/06/Man-is-chased-and-stabbed-to-death-in-broad-daylight-in-Brazil-Photo-0001.jpg,480p
https://media.deepgoretube.site/uploads/2021/06/Womens-fight-ends-unexpectedly-Photo-0001.jpg,480p
https://media.deepgoretube.site/uploads/2021/06/Execution-victim-is-found-in-a-state-of-decomposition-in-Brazil-Photo-0001.jpg,480p
https://media.deepgoretube.site/uploads/2021/06/FullSizeRender_thumb1.jpg,360p
https://media.deepgoretube.site/uploads/2021/06/IMG_1539_thumb2.jpg,360p
https://media.deepgoretube.site/uploads/2021/06/Rapists-burning-alive-and-stirring-in-pain-as-they-burn-and-go-to-hell-Photo-0001.jpg,480p
https://media.deepgoretube.site/uploads/2021/06/Driver-literally-loses-his-head-in-a-terrible-traffic-accident-in-Brazil-Photo-0001.jpg,480p
https://media.deepgoretube.site/uploads/2021/06/Popular-people-take-justice-into-their-own-hands-in-Brazil-against-an-alleged-thief-Photo-0001.jpg,720p
https://media.deepgoretube.site/uploads/2021/06/Women-fight-until-one-of-them-shits-her-pants-Photo-0001.jpg,1080p
https://media.deepgoretube.site/uploads/2021/06/Brutal-cartel-beheading-and-dismemberment-Photo-0001.jpg,480p
https://media.deepgoretube.site/uploads/2021/06/Transvestites-invade-party-as-women-are-discovered-and-humiliated-in-Africa-Photo-0001.jpg,720p
https://media.deepgoretube.site/uploads/2021/06/Man-is-run-over-and-crushed-by-a-garbage-truck-while-going-to-the-supermarket-to-buy-cigarettes-in-Brazil-Photo-0001.jpg,480p
https://media.deepgoretube.site/uploads/2021/06/When-mans-best-friend-becomes-mans-worst-enemy-Photo-0001.jpg,720p
https://media.deepgoretube.site/uploads/2021/06/Car-catches-fire-and-two-occupants-are-burned-alive-Photo-0001.jpg,480p
https://media.deepgoretube.site/uploads/2021/06/Another-day-of-punishment-in-a-favela-in-Brazil-Photo-0001.jpg,720p
https://media.deepgoretube.site/uploads/2021/06/Man-in-shock-slowly-dying-after-an-accident-Photo-0001.jpg,480p
https://media.deepgoretube.site/uploads/2021/06/IMG_1509_thumb3.jpg,480p
https://media.deepgoretube.site/uploads/2021/06/Man-trying-to-breathe-with-his-neck-cut-in-half-Photo-0001.jpg,240p
https://media.deepgoretube.site/uploads/2021/06/Women-fighting-in-the-hallway-for-no-apparent-reason-Photo-0001.jpg,360p
https://media.deepgoretube.site/uploads/2021/06/Female-doctor-removing-dildo-from-a-mans-ass-Photo-0001.jpg,480p
https://media.deepgoretube.site/uploads/2021/06/Man-having-his-chest-and-belly-cut-opened-with-a-knife-while-still-alive-in-a-brutal-execution-by-rival-criminal-faction-in-Brazil-Photo-0001.jpg,720p
https://media.deepgoretube.site/uploads/2021/06/Self-mutilation-is-a-disease-and-needs-to-be-fought-Photo-0001.jpg,360p
https://media.deepgoretube.site/uploads/2021/06/Tragic-traffic-accident-in-Russia-leaves-countless-people-dead-Photo-0001.jpg,480p
https://media.deepgoretube.site/uploads/2021/06/The-rescue-of-a-man-with-a-skinned-finger-Photo-0001.jpg,360p
https://media.deepgoretube.site/uploads/2021/06/Bizarre-creature-is-filmed-by-motorcyclists-in-India-Photo-0001.jpg,480p
https://media.deepgoretube.site/uploads/2021/06/New-execution-in-a-favela-in-Brazil-Photo-0001.jpg,1080p
https://media.deepgoretube.site/uploads/2021/06/Alleged-cell-phone-thief-being-punished-for-allegedly-stealing-cell-phones-in-the-favela-in-Brazil-Photo-0001.jpg,480p
https://media.deepgoretube.site/uploads/2021/06/Woman-beating-her-husbands-lover-until-she-passes-out-and-urinates-in-her-pants-Photo-0001.jpg,480p
https://media.deepgoretube.site/uploads/2021/06/In-Brazil-even-children-apply-the-favela-law-Photo-0001.jpg,480p
https://media.deepgoretube.site/uploads/2021/06/Riding-a-bike-has-never-gone-so-wrong-as-in-this-video-Photo-0001.jpg,720p
https://media.deepgoretube.site/uploads/2021/06/Man-has-his-eyes-pierced-for-no-apparent-reason-Photo-0001.jpg,480p
https://media.deepgoretube.site/uploads/2021/06/Crying-man-is-punished-for-allegedly-stealing-from-the-ravine-Photo-0001.jpg,720p
https://media.deepgoretube.site/uploads/2021/06/Driver-with-his-face-cut-in-half-in-a-traffic-accident-Photo-0001.jpg,480p
https://media.deepgoretube.site/uploads/2021/06/Two-men-are-executed-in-broad-daylight-with-headshots-in-Brazil-Photo-0001.jpg,720p
https://media.deepgoretube.site/uploads/2021/06/Man-killed-by-police-has-eyeball-and-skull-blown-off-by-gunshot-Photo-0001.jpg,720p
https://media.deepgoretube.site/uploads/2021/06/Woman-stabbed-to-death-inside-a-shopping-mall-in-Brazil-Photo-0001.jpg,480p
https://media.deepgoretube.site/uploads/2021/06/Woman-being-executed-with-multiple-headshots-until-her-skull-explodes-Photo-0001.jpg,480p
https://media.deepgoretube.site/uploads/2021/06/Doctor-cleaning-patients-open-leg-during-surgery-Photo-0001.jpg,480p
https://media.deepgoretube.site/uploads/2021/06/A-woman-pushes-another-girl-into-the-middle-of-the-street-as-the-car-is-passing-by-and-runs-over-the-pushed-woman-Photo-0001.jpg,1080p
https://media.deepgoretube.site/uploads/2021/06/Man-moving-his-hand-completely-destroyed-in-accident-Photo-0001.jpg,480p
https://media.deepgoretube.site/uploads/2021/06/Chinese-man-beating-his-unclothed-wife-in-the-street-Photo-0001.jpg,480p
https://media.deepgoretube.site/uploads/2021/06/During-a-couples-fight-a-man-tries-to-drown-a-woman-in-the-street-sewer-Photo-0001.jpg,360p
https://media.deepgoretube.site/uploads/2021/06/Motorcyclist-is-completely-destroyed-and-unrecognizable-after-a-traffic-accident-in-Brazil-Photo-0001.jpg,480p
https://media.deepgoretube.site/uploads/2021/06/Motorcyclist-has-his-leg-destroyed-in-a-traffic-accident-and-is-feeling-pain-on-the-ground-Photo-0001.jpg,1080p
https://media.deepgoretube.site/uploads/2021/06/Child-films-his-family-drowning-in-the-river-Photo-0001.jpg,480p
https://media.deepgoretube.site/uploads/2021/06/When-cutting-a-palm-tree-goes-wrong-Photo-0001.jpg,480p
https://media.deepgoretube.site/uploads/2021/06/Female-police-officer-is-attacked-by-a-citizen-during-a-routine-approach-and-she-is-helped-by-people-until-reinforcements-arrive-Photo-0001.jpg,480p
https://media.deepgoretube.site/uploads/2021/06/Russian-girl-being-beaten-and-humiliated-by-another-girl-and-boy-Photo-0001.jpg,720p
https://media.deepgoretube.site/uploads/2021/06/Girls-fighting-in-the-middle-of-the-street-in-broad-daylight-until-one-of-them-is-undressed-Photo-0001.jpg,480p
https://media.deepgoretube.site/uploads/2021/06/Chinese-woman-is-brutally-punched-in-the-face-for-no-reason-in-Chinatown-Manhattan-Photo-0001.jpg,480p
https://media.deepgoretube.site/uploads/2021/06/Furious-dog-bites-and-tears-off-a-piece-of-the-finger-of-a-woman-who-has-decided-to-play-with-danger-Photo-0001.jpg,720p
https://media.deepgoretube.site/uploads/2021/06/Alleged-rapist-is-lynched-and-burned-alive-in-Nigeria-Photo-0001.jpg,480p
https://media.deepgoretube.site/uploads/2021/06/Man-is-killed-in-car-bomb-explosion-Photo-0001.jpg,480p
https://media.deepgoretube.site/uploads/2021/06/Man-tries-to-kill-another-man-in-China-with-several-glass-blows-to-the-head-Photo-0001.jpg,720p
https://media.deepgoretube.site/uploads/2021/06/Man-accidentally-shoots-himself-right-in-his-own-toy-Photo-0001.jpg,360p
https://media.deepgoretube.site/uploads/2021/06/Doctor-removing-a-giant-cucumber-from-a-womans-ass-hole-Photo-0001.jpg,480p
https://media.deepgoretube.site/uploads/2021/05/Decaying-and-rotting-body-on-the-autopsy-table-Photo-0001.jpg,360p
https://media.deepgoretube.site/uploads/2021/05/The-dead-body-of-a-raped-and-killed-woman-in-China-Photo-0001.jpg,240p
https://media.deepgoretube.site/uploads/2021/05/Woman-is-beaten-by-another-woman-for-not-wanting-to-unlock-her-cell-phone-Photo-0001.jpg,480p
https://media.deepgoretube.site/uploads/2021/05/Man-gets-beaten-and-stabbed-to-death-in-Saint-Etienne-France-Photo-0001.jpg,480p
https://media.deepgoretube.site/uploads/2021/05/The-truck-tire-loosens-and-hits-the-worker-inside-the-workshop-Photo-0001.jpg,480p
https://media.deepgoretube.site/uploads/2021/05/Girl-gets-hit-by-car-while-running-down-the-street-Photo-0001.jpg,480p
https://media.deepgoretube.site/uploads/2021/05/Woman-fighting-on-the-balcony-of-the-house-falls-to-the-ground-in-an-accident-during-the-fight-Photo-0001.jpg,480p
https://media.deepgoretube.site/uploads/2021/05/Woman-punished-in-Brazil-with-wooden-blows-on-her-hand-Photo-0001.jpg,480p
https://media.deepgoretube.site/uploads/2021/05/Womens-fight-ends-extremely-wrong-for-one-of-them-who-suffers-a-serious-fall-Photo-0001.jpg,1080p
https://media.deepgoretube.site/uploads/2021/05/Murder-and-suicide-Photo-0001.jpg,480p
https://media.deepgoretube.site/uploads/2022/03/Azov-Battalion-soldiers-crucify-man-from-Novorossia-in-a-sadistic-video-Photo-0001.jpg,720p
https://media.deepgoretube.site/uploads/2021/05/Alleged-thief-totally-beaten-by-an-ax-for-stealing-goats-still-alive-and-moving-Photo-0001.jpg,1080p
https://media.deepgoretube.site/uploads/2021/05/Women-being-punished-in-the-favela-of-Brazil-again-Photo-0001.jpg,480p
https://media.deepgoretube.site/uploads/2021/05/Head-crushed-in-broad-daylight-with-machete-blows-Photo-0001.jpg,480p
https://media.deepgoretube.site/uploads/2021/05/Woman-being-physical-assaulted-by-another-woman-in-the-favela-in-Brazil-Photo-0001.jpg,480p
https://media.deepgoretube.site/uploads/2021/05/Hand-cut-with-machete-Photo-0001.jpg,480p
https://media.deepgoretube.site/uploads/2021/05/Woman-killed-in-motorcycle-accident-in-Brazil-Very-sad-that-one-more-life-has-been-lost-to-traffic-Photo-0001.jpg,480p
https://media.deepgoretube.site/uploads/2021/05/Population-burning-alleged-thief-alive-in-Uganda-Photo-0001.jpg,720p
https://media.deepgoretube.site/uploads/2021/05/Woman-found-dead-stinking-and-in-a-state-of-putrefaction-in-Brazil-Photo-0001.jpg,1080p
https://media.deepgoretube.site/uploads/2021/05/Men-being-beaten-as-a-punishment-by-the-criminal-faction-in-the-Favela-of-Brazil-Photo-0001.jpg,1080p
https://media.deepgoretube.site/uploads/2021/05/Man-being-beheaded-by-rival-faction-members-who-like-to-behead-people-in-Brazil-Photo-0001.jpg,1080p
https://media.deepgoretube.site/uploads/2021/05/Woman-stabs-man-during-fight-in-coffee-shop-in-Brazil-Photo-0001.jpg,480p
https://media.deepgoretube.site/uploads/2021/05/Alleged-thief-being-burned-alive-by-primitive-people-who-seek-justice-with-their-bare-hands-Photo-0001.jpg,320p
https://media.deepgoretube.site/uploads/2021/05/Carnage-on-the-ground-after-a-terrible-traffic-accident-Photo-0001.jpg,1080p
https://media.deepgoretube.site/uploads/2021/05/Motorcycle-accident-leaves-two-dead-one-with-a-destroyed-head-Photo-0001.jpg,480p
https://media.deepgoretube.site/uploads/2021/05/Dude-stoned-to-death-in-heavy-rain-in-Africa-Photo-0001.jpg,720p
https://media.deepgoretube.site/uploads/2021/04/Man-being-killed-with-multiple-shots-in-Brazil.-There-is-no-information-on-the-reason-for-the-execution-Photo-0001.jpg,480p
https://media.deepgoretube.site/uploads/2021/04/Rotten-body-of-a-dead-woman-is-found-in-an-abandoned-house-in-Brazil-Photo-0001.jpg,480p
https://media.deepgoretube.site/uploads/2021/04/A-woman-and-her-baby-are-burned-alive-in-an-apartment-that-caught-fire-in-flames-Photo-0001.jpg,480p
https://media.deepgoretube.site/uploads/2021/04/Get-shot-in-the-head-until-the-brain-goes-out-Photo-0001.jpg,480p
https://media.deepgoretube.site/uploads/2021/04/Fire-demons-in-Africa-Photo-0001.jpg,320p
https://media.deepgoretube.site/uploads/2021/04/Surgical-procedure-for-amputation-of-the-hands-in-the-middle-east-Photo-0001.jpg,360p
https://media.deepgoretube.site/uploads/2021/04/Cutting-hands-off-alleged-thieves-in-public-punishment-Photo-0001.jpg,360p
https://media.deepgoretube.site/uploads/2021/04/Dead-prisoner-body-being-mutilated-in-prison-Photo-0001.jpg,360p
https://media.deepgoretube.site/uploads/2021/04/Fetus-being-removed-from-the-belly-of-the-dead-mother-outside-the-hospital-Photo-0001.jpg,360p
https://media.deepgoretube.site/uploads/2021/04/Supposed-thief-agonizing-in-pain-as-he-slowly-dies-Photo-0001.jpg,360p
https://media.deepgoretube.site/uploads/2021/04/Newly-beheaded-man-with-his-head-on-his-dead-body-Photo-0001.jpg,320p
https://media.deepgoretube.site/uploads/2021/04/Dead-boy-being-beheaded-for-pure-pleasure-by-bad-people-Photo-0001.jpg,720p
https://media.deepgoretube.site/uploads/2021/04/Man-burning-alive-during-a-fire-in-his-apartment-full-of-bars-on-the-window-that-prevent-him-from-escaping-Photo-0001.jpg,720p
https://media.deepgoretube.site/uploads/2021/04/Whoever-plays-with-fire-ends-up-getting-burned-Photo-0001.jpg,320p
https://media.deepgoretube.site/uploads/2021/04/Guy-keeps-talking-even-with-his-face-completely-destroyed-in-an-accident-Photo-0001.jpg,480p
https://media.deepgoretube.site/uploads/2021/04/Man-being-beheaded-in-the-war-on-terror-Photo-0001.jpg,360p
https://media.deepgoretube.site/uploads/2021/04/Killing-a-pig-with-a-knife-in-the-heart-while-the-pig-defecates-with-fear-and-pain-Photo-0001.jpg,1080p
https://media.deepgoretube.site/uploads/2021/04/Woman-being-silently-beheaded-in-a-wasteland-Photo-0001.jpg,480p
https://media.deepgoretube.site/uploads/2021/04/Eye-hole-completely-rotten-and-decomposing-full-of-worms-Photo-0001.jpg,360p
https://media.deepgoretube.site/uploads/2021/04/Man-being-so-severely-beheaded-with-a-cordless-machete-that-his-jaw-gets-smashed-Photo-0001.jpg,720p
https://media.deepgoretube.site/uploads/2021/04/Man-cutting-the-live-pig-in-half-at-a-public-show-in-some-country-unknown-at-the-time-Photo-0001.jpg,480p
https://media.deepgoretube.site/uploads/2021/04/Boy-being-forced-to-eat-dog-shit-for-allegedly-stealing-chickens-in-the-favela-region-Photo-0001.jpg,480p
https://media.deepgoretube.site/uploads/2021/04/Man-being-beaten-as-punishment-for-allegedly-beating-his-own-mother-Photo-0001.jpg,480p
https://media.deepgoretube.site/uploads/2021/04/Men-burned-alive-in-a-terrible-traffic-accident-whose-cars-caught-fire-Photo-0001.jpg,720p
https://media.deepgoretube.site/uploads/2021/04/The-chest-is-always-open-Photo-0001.jpg,480p
https://media.deepgoretube.site/uploads/2021/04/Thieves-being-burned-alive-by-angry-people-in-Africa-for-having-irritated-the-population-with-their-criminal-acts-Photo-0001.jpg,360p
https://media.deepgoretube.site/uploads/2021/04/Intestines-moving-even-outside-the-human-body-Photo-0001.jpg,480p
https://media.deepgoretube.site/uploads/2021/04/Very-violent-womens-fight-Photo-0001.jpg,360p
https://media.deepgoretube.site/uploads/2021/04/Woman-being-punished-with-almost-beatings-by-organized-crime-Photo-0001.jpg,1080p
https://media.deepgoretube.site/uploads/2021/04/Street-fight-between-drunks-Photo-0001.jpg,720p
https://media.deepgoretube.site/uploads/2021/04/Anaconda-tries-to-eat-a-cow-but-is-killed-by-a-machete-Photo-0001.jpg,480p
https://media.deepgoretube.site/uploads/2021/04/Driver-crushed-by-the-truck-itself-begs-for-help-to-get-up-Photo-0001.jpg,480p
https://media.deepgoretube.site/uploads/2021/04/The-war-never-ends-especially-in-some-countries-in-Africa-Photo-0001.jpg,480p
https://media.deepgoretube.site/uploads/2021/04/Cut-and-crushed-inside-a-wheelbarrow-Photo-0001.jpg,480p
https://media.deepgoretube.site/uploads/2021/04/Heart-pounding-inside-his-chest-Photo-0001.jpg,480p
https://media.deepgoretube.site/uploads/2021/04/They-pierced-his-eyes-leaving-him-blind-Photo-0001.jpg,360p
https://media.deepgoretube.site/uploads/2021/04/Man-with-severe-cut-on-his-back-and-with-his-arm-partially-ripped-off-Photo-0001.jpg,720p
https://media.deepgoretube.site/uploads/2021/04/Man-has-his-right-arm-completely-ripped-off-in-an-accident-Photo-0001.jpg,720p
https://media.deepgoretube.site/uploads/2021/04/Worker-falls-into-a-concrete-mixer-truck-and-turns-concrete-in-yet-another-work-accident-Photo-0001.jpg,360p
https://media.deepgoretube.site/uploads/2021/04/In-Mozambique-a-terrorist-attack-leaves-people-beheaded-and-with-their-guts-out-Photo-0001.jpg,480p
https://media.deepgoretube.site/uploads/2021/04/Boy-with-half-his-body-crushed-in-a-traffic-accident-still-alive-trying-to-call-family-members-to-say-goodbye-Photo-0001.jpg,480p
https://media.deepgoretube.site/uploads/2021/04/Removing-disgusting-thing-from-the-womans-breasts-Photo-0001.jpg,720p
https://media.deepgoretube.site/uploads/2021/04/Boy-executed-with-several-shots-to-the-head-until-he-is-unrecognizable-Photo-0001.jpg,720p
https://media.deepgoretube.site/uploads/2021/04/Completely-broken-after-a-terrible-accident-I-believe-it-was-transit-but-Im-not-sure-Photo-0001.jpg,720p
https://media.deepgoretube.site/uploads/2021/04/Attacked-with-a-machete-and-left-bloody-on-the-floor-to-die-slowly-Photo-0001.jpg,480p
https://media.deepgoretube.site/uploads/2021/04/Man-kills-his-own-friend-for-believing-that-his-friend-was-conspiring-against-him-and-against-another-friend-of-him-in-Brazil-Photo-0001.jpg,480p
https://media.deepgoretube.site/uploads/2021/04/Cow-being-partially-beheaded-at-the-time-of-slaughter-Photo-0001.jpg,480p
https://media.deepgoretube.site/uploads/2021/04/A-mans-body-being-brutally-slaughtered-while-a-woman-laughs-in-the-background-Photo-0001.jpg,480p
https://media.deepgoretube.site/uploads/2021/04/Dead-man-full-of-bullet-holes-and-serious-injuries-Photo-0001.jpg,480p
https://media.deepgoretube.site/uploads/2021/04/Doctors-removing-iron-rod-from-patients-eye-Hes-lucky-to-still-be-alive-Photo-0001.jpg,720p
https://media.deepgoretube.site/uploads/2021/04/Man-being-partially-beheaded-and-buried-almost-alive-Photo-0001.jpg,360p
https://media.deepgoretube.site/uploads/2021/04/Soldiers-or-terrorists-cutting-pieces-of-bodies-from-dead-enemy-combatants-Photo-0001.jpg,480p
https://media.deepgoretube.site/uploads/2021/04/Woman-brutally-beaten-as-punishment-for-alleged-theft-in-the-favela-Photo-0001.jpg,480p
https://media.deepgoretube.site/uploads/2021/04/Dead-womans-body-being-dismembered-and-stung-Photo-0001.jpg,480p
https://media.deepgoretube.site/uploads/2021/04/They-play-with-the-head-of-the-decapitated-body-Photo-0001.jpg,480p
https://media.deepgoretube.site/uploads/2021/04/Woman-being-brutally-killed-with-gunshots-to-the-head-in-a-brutal-execution-Photo-0001.jpg,480p
https://media.deepgoretube.site/uploads/2021/04/Women-fighting-and-no-one-tries-to-stop-the-fight-in-Brazil-Photo-0001.jpg,480p
https://media.deepgoretube.site/uploads/2021/04/Police-officer-shoots-a-man-armed-with-a-knife-who-allegedly-threw-stones-at-cars-Photo-0001.jpg,480p
https://media.deepgoretube.site/uploads/2021/04/Woman-hangs-herself-on-the-edge-of-the-building-in-a-terrible-suicide-Photo-0001.jpg,1080p
https://media.deepgoretube.site/uploads/2021/04/Alleged-thief-being-beaten-up-by-people-furious-with-his-criminal-acts-Photo-0001.jpg,480p
https://media.deepgoretube.site/uploads/2021/04/Woman-being-punished-for-trying-to-cheat-in-the-favela-Photo-0001.jpg,480p
https://media.deepgoretube.site/uploads/2021/04/Young-girl-is-shot-dead-in-the-neck-and-left-to-rot-on-the-sidewalk-of-a-favela-in-Brazil-Photo-0001.jpg,480p
https://media.deepgoretube.site/uploads/2021/04/The-body-of-a-dead-woman-is-found-in-the-bush-in-Brazil-Photo-0001.jpg,480p
https://media.deepgoretube.site/uploads/2021/04/Women-fighting-for-love-and-even-show-their-tits-Photo-0001.jpg,480p
https://media.deepgoretube.site/uploads/2021/04/Ohio-policeman-shoots-and-kills-black-teenager-Makhia-Bryant-She-was-armed-with-a-knife-during-the-girls-fight-Photo-0001.jpg,480p
https://media.deepgoretube.site/uploads/2021/04/Boy-with-his-arm-destroyed-in-a-motorcycle-accident-in-Brazil-Photo-0001.jpg,1080p
https://media.deepgoretube.site/uploads/2021/04/Supposed-thief-being-assaulted-for-allegedly-stealing-someone-in-Brazil-Photo-0001.jpg,480p
https://media.deepgoretube.site/uploads/2021/04/Womans-leg-destroyed-in-traffic-accident.-The-pain-must-be-horrible-Photo-0001.jpg,720p
https://media.deepgoretube.site/uploads/2021/04/Removing-the-enemys-leg-with-a-machete-Photo-0001.jpg,320p
https://media.deepgoretube.site/uploads/2021/04/Very-terrible-autopsy-Imagine-the-stench-that-is-there-and-they-endure-this-precariousness-Photo-0001.jpg,720p
https://media.deepgoretube.site/uploads/2021/04/India-WTF-Photo-0001.jpg,360p
https://media.deepgoretube.site/uploads/2021/04/Man-with-his-left-arm-completely-destroyed-Photo-0001.jpg,480p
https://media.deepgoretube.site/uploads/2021/04/A-woman-goes-to-fight-with-a-knife-loses-the-knife-and-is-beaten-miserably-Photo-0001.jpg,720p
https://media.deepgoretube.site/uploads/2021/04/Man-being-killed-with-multiple-shots-to-the-head-cornered-in-the-corner-until-his-head-becomes-a-sieve-Photo-0001.jpg,360p
https://media.deepgoretube.site/uploads/2021/04/Man-with-his-head-destroyed-on-the-fence.-I-really-have-no-idea-what-happened-here-Photo-0001.jpg,480p
https://media.deepgoretube.site/uploads/2021/04/Worker-completely-beheaded-by-tractor-in-work-accident-Photo-0001.jpg,480p
https://media.deepgoretube.site/uploads/2021/04/Rotten-teeth-at-the-dentist-but-maybe-even-the-dentist-cant-help-it-Photo-0001.jpg,360p
https://media.deepgoretube.site/uploads/2021/04/Man-with-his-leg-destroyed-in-the-back-of-the-truck-Photo-0001.jpg,720p
https://media.deepgoretube.site/uploads/2021/04/Compilation-of-traffic-accidents-and-non-traffic-accidents-Photo-0001.jpg,480p
https://media.deepgoretube.site/uploads/2021/04/Rotten-meat-still-moving-after-death-Photo-0001.jpg,320p
https://media.deepgoretube.site/uploads/2021/04/Never-fight-in-traffic-especially-when-you-are-wrong-Photo-0001.jpg,720p
https://media.deepgoretube.site/uploads/2021/04/The-decay-of-death-is-here-Contemplate-rotten-decomposition-Photo-0001.jpg,360p
https://media.deepgoretube.site/uploads/2021/04/Morgue-full-of-decaying-corpses-and-putrefaction-Photo-0001.jpg,720p
https://media.deepgoretube.site/uploads/2021/04/Thief-tries-to-steal-the-trucker-who-reacts-and-runs-over-the-thief-with-the-truck-Photo-0001.jpg,480p
https://media.deepgoretube.site/uploads/2021/04/No-legs-no-arms-and-no-head-Death-must-have-been-terrible-Photo-0001.jpg,480p
https://media.deepgoretube.site/uploads/2021/04/Rotten-bodies-in-the-truck-body-Photo-0001.jpg,480p
https://media.deepgoretube.site/uploads/2021/04/When-beheading-goes-wrong-you-pay-the-price-Photo-0001.jpg,360p
https://media.deepgoretube.site/uploads/2021/04/Dead-mans-body-is-found-floating-on-the-beach-Photo-0001.jpg,480p
https://media.deepgoretube.site/uploads/2021/04/Thief-tries-to-steal-car-gets-shot-and-falls-like-hard-feces-on-the-floor-Photo-0001.jpg,480p
https://media.deepgoretube.site/uploads/2021/04/Man-with-a-completely-open-forehead-probably-due-to-a-traffic-accident-in-Brazil-Photo-0001.jpg,480p
https://media.deepgoretube.site/uploads/2021/04/This-is-not-the-way-to-treat-your-comrades-toy-pal-Photo-0001.jpg,480p
https://media.deepgoretube.site/uploads/2021/04/Man-with-arm-torn-off-remains-conscious-and-talking-Photo-0001.jpg,480p
https://media.deepgoretube.site/uploads/2021/04/The-pigs-life-is-not-easy-it-sucks-Photo-0001.jpg,360p
https://media.deepgoretube.site/uploads/2021/04/Bogota-shooting-leaves-dead-on-the-ground-Photo-0001.jpg,480p
https://media.deepgoretube.site/uploads/2021/04/Girls-be-careful-We-are-in-danger-all-the-time-Photo-0001.jpg,320p
https://media.deepgoretube.site/uploads/2021/04/The-head-of-a-dead-man-is-found-on-the-side-of-a-street-in-Brazil-Photo-0001.jpg,480p
https://media.deepgoretube.site/uploads/2021/04/Girl-dies-in-a-terrible-traffic-accident-in-the-Dominican-Republic-Photo-0001.jpg,480p
https://media.deepgoretube.site/uploads/2021/04/Man-hit-by-motorcycle-is-bleeding-on-the-asphalt-Photo-0001.jpg,480p
https://media.deepgoretube.site/uploads/2021/04/Man-taking-his-last-breaths-before-death-Photo-0001.jpg,480p
https://media.deepgoretube.site/uploads/2021/04/Removing-disgusting-things-from-her-own-breasts-Photo-0001.jpg,360p
https://media.deepgoretube.site/uploads/2021/04/Beautiful-girl-hangs-herself-in-suicide-in-Brazil-Photo-0001.jpg,480p
https://media.deepgoretube.site/uploads/2021/04/Burning-his-dick-with-a-lighter-in-a-terrible-torture-session-Photo-0001.jpg,360p
https://media.deepgoretube.site/uploads/2021/04/And-thats-how-hell-caught-fire-Photo-0001.jpg,480p
https://media.deepgoretube.site/uploads/2021/04/Arm-completely-open-with-a-kitchen-knife-in-a-self-mutilation-session-Photo-0001.jpg,480p
https://media.deepgoretube.site/uploads/2021/04/Man-sleeping-under-the-wheels-of-a-truck-is-completely-crushed-Photo-0001.jpg,360p
https://media.deepgoretube.site/uploads/2021/04/The-real-pistol-pen-Photo-0001.jpg,480p
https://media.deepgoretube.site/uploads/2021/04/Man-tries-to-feed-fish-with-bait-in-his-mouth-and-ends-up-turning-the-real-food-Photo-0001.jpg,720p
https://media.deepgoretube.site/uploads/2021/04/Entire-family-crushed-in-a-terrible-traffic-accident-in-Brazil-Photo-0001.jpg,480p
https://media.deepgoretube.site/uploads/2021/04/What-the-hell-is-this-Why-Undoubtedly-a-crazy-thing-Photo-0001.jpg,320p
https://media.deepgoretube.site/uploads/2021/04/Hand-completely-destroyed-in-an-accident-at-work-Photo-0001.jpg,480p
https://media.deepgoretube.site/uploads/2021/04/Children-are-left-alone-with-a-killer-treadmill-which-takes-advantage-of-the-opportunity-to-eat-the-little-boy-Photo-0001.jpg,320p
https://media.deepgoretube.site/uploads/2021/04/Man-being-brutally-murdered-and-slowly-beheaded-with-a-machete-in-Brazil-Photo-0001.jpg,480p
https://media.deepgoretube.site/uploads/2021/04/Cutting-fingers-with-a-machete-as-a-punishment-for-theft-in-the-favela-Photo-0001.jpg,480p
https://media.deepgoretube.site/uploads/2021/04/Pure-sadism-man-ties-a-mouse-to-fireworks-and-launches-it-towards-the-skies-Photo-0001.jpg,480p
https://media.deepgoretube.site/uploads/2021/04/Real-war-footage-the-heat-of-the-battle-that-results-in-death-It-even-looks-like-a-video-game-Photo-0001.jpg,360p
https://media.deepgoretube.site/uploads/2021/04/Young-man-with-a-gigantic-tumor-on-his-face-that-defies-doctors-Photo-0001.jpg,360p
https://media.deepgoretube.site/uploads/2021/04/A-man-sits-in-his-chair-soaks-himself-with-alcohol-and-burns-himself-Photo-0001.jpg,1080p
https://media.deepgoretube.site/uploads/2021/04/The-most-rotten-mouth-you-and-I-have-ever-seen-Photo-0001.jpg,360p
https://media.deepgoretube.site/uploads/2021/04/Doctor-removing-live-leech-from-a-patients-nose-Photo-0001.jpg,480p
https://media.deepgoretube.site/uploads/2021/04/Turning-over-the-dead-mans-entrails-in-a-classic-autopsy-Photo-0001.jpg,320p
https://media.deepgoretube.site/uploads/2021/04/Woman-beheading-a-duck-in-the-greatest-cruelty-and-for-no-reason-Photo-0001.jpg,360p
https://media.deepgoretube.site/uploads/2021/04/Man-being-brutal-and-slowly-beheaded-with-a-knife-in-the-forest-in-Brazil-Photo-0001.jpg,480p
https://media.deepgoretube.site/uploads/2021/04/Drug-traffickers-execute-members-of-the-rival-criminal-faction-with-the-utmost-cruelty-Photo-0001.jpg,480p
https://media.deepgoretube.site/uploads/2021/04/Thief-tries-to-steal-high-voltage-wires-gets-a-shock-and-turns-toasted-meat-Photo-0001.jpg,480p
https://media.deepgoretube.site/uploads/2021/04/Man-being-tortured-with-blows-on-the-soles-of-his-feet-Photo-0001.jpg,360p
https://media.deepgoretube.site/uploads/2021/04/Man-murdered-with-several-shots-to-the-head-left-to-rot-on-the-sidewalk-of-the-favela-Photo-0001.jpg,360p
https://media.deepgoretube.site/uploads/2021/04/Fetus-being-completely-destroyed-Photo-0001.jpg,480p
https://media.deepgoretube.site/uploads/2021/04/Woman-tied-to-the-tree-being-flogged-with-sticks-Photo-0001.jpg,480p
https://media.deepgoretube.site/uploads/2021/04/Boy-survives-the-cruel-attack-of-a-Pitbull-but-his-back-is-destroyed-Photo-0001.jpg,480p
https://media.deepgoretube.site/uploads/2021/04/Street-fight-and-chatty-judge-gets-punched-in-the-face-Photo-0001.jpg,360p
https://media.deepgoretube.site/uploads/2021/04/Man-receives-Georgian-police-officers-with-AK-47-shots-Photo-0001.jpg,320p
https://media.deepgoretube.site/uploads/2021/04/Man-being-shot-dead-and-almost-beheaded-while-dog-tries-to-eat-his-guts-Photo-0001.jpg,480p
https://media.deepgoretube.site/uploads/2021/04/Woman-being-beaten-as-a-punishment-for%E2%80%A6-whatever-Photo-0001.jpg,480p
https://media.deepgoretube.site/uploads/2021/04/Thief-punished-until-almost-death-for-stealing-in-the-favela-in-Brazil-Photo-0001.jpg,480p
https://media.deepgoretube.site/uploads/2021/04/Man-being-punished-on-the-ground-for-allegedly-stealing-truck-drivers-Photo-0001.jpg,480p
https://media.deepgoretube.site/uploads/2021/04/Man-being-lynched-to-death-by-residents-for-alleged-theft-of-the-favela-in-Brazil-Photo-0001.jpg,480p
https://media.deepgoretube.site/uploads/2021/04/Man-is-shot-in-the-head-and-his-brain-is-shattered-on-the-ground-Photo-0001.jpg,480p
https://media.deepgoretube.site/uploads/2021/04/Man-being-brutally-beaten-by-angry-mob-in-Brazil-I-do-not-know-the-reason-Photo-0001.jpg,480p
https://media.deepgoretube.site/uploads/2021/04/Woman-having-her-head-removed-with-a-machete-She-was-already-dead-Photo-0001.jpg,480p
https://media.deepgoretube.site/uploads/2021/04/Traffic-accident-involving-buses-in-India-Photo-0001.jpg,480p
https://media.deepgoretube.site/uploads/2021/04/Man-being-shot-in-broad-daylight-in-Brazil-He-was-unable-to-escape-death-Advice-Never-get-involved-with-the-criminal-world-Photo-0001.jpg,480p
https://media.deepgoretube.site/uploads/2021/04/Man-has-his-head-removed-with-a-kitchen-knife-Photo-0001.jpg,720p
https://media.deepgoretube.site/uploads/2021/04/Traffic-accident-leaves-a-trail-of-carnage-on-the-street-Photo-0001.jpg,480p
https://media.deepgoretube.site/uploads/2021/08/Man-being-dismembered-alive-and-while-screaming-in-pain-he-is-hit-in-the-face-with-his-own-freshly-ripped-off-leg-Photo-0001.jpg,480p
https://media.deepgoretube.site/uploads/2021/04/What-he-is-doing-Is-he-a-vet-Why-is-he-doing-this-to-the-poor-cat-Photo-0001.jpg,720p
https://media.deepgoretube.site/uploads/2021/04/Girl-fighting-at-school-gets-punched-in-the-face-until-she-passes-out-Photo-0001.jpg,320p
https://media.deepgoretube.site/uploads/2021/04/Woman-hits-her-opponents-head-on-the-wall-because-of-a-loving-cheating-Photo-0001.jpg,320p
https://media.deepgoretube.site/uploads/2021/04/Woman-has-her-car-stolen-and-she-is-dragged-with-a-child-on-her-lap-during-the-thiefs-escape-Photo-0001.jpg,480p
https://media.deepgoretube.site/uploads/2021/04/Charred-bodies-of-people-burnt-alive-in-a-car-accident-in-Brazil-Photo-0001.jpg,480p
https://media.deepgoretube.site/uploads/2021/04/Injection-of-mineral-oil-goes-wrong-and-young-man-gets-his-buttocks-completely-destroyed-Photo-0001.jpg,480p
https://media.deepgoretube.site/uploads/2021/04/Bodies-destroyed-after-the-gas-truck-exploded-Photo-0001.jpg,480p
https://media.deepgoretube.site/uploads/2021/04/Man-is-shot-several-times-at-close-range-Photo-0001.jpg,1080p
https://media.deepgoretube.site/uploads/2021/04/When-the-savior-is-your-worst-enemy-Photo-0001.jpg,480p
https://media.deepgoretube.site/uploads/2021/04/Boy-being-shot-to-death-in-the-head-while-blood-gushes-from-his-neck-Photo-0001.jpg,720p
https://media.deepgoretube.site/uploads/2021/04/The-dog-doesnt-want-to-be-your-friend-dont-you-see-Photo-0001.jpg,360p
https://media.deepgoretube.site/uploads/2021/04/Man-scheduled-to-die-in-the-crime-court-runs-for-his-life-Photo-0001.jpg,480p
https://media.deepgoretube.site/uploads/2021/04/Man-brutally-murdered-and-left-on-the-asphalt-with-a-pool-of-blood-Photo-0001.jpg,360p
https://media.deepgoretube.site/uploads/2021/04/Child-molester-being-killed-and-burned-by-the-population-Photo-0001.jpg,480p
https://media.deepgoretube.site/uploads/2021/04/Man-cutting-himself-with-a-razor-Photo-0001.jpg,480p
https://media.deepgoretube.site/uploads/2021/04/Bodycam-Footage-Latin-teenager-being-killed-by-the-police-Photo-0001.jpg,480p
https://media.deepgoretube.site/uploads/2021/04/The-body-of-a-hanged-man-is-found-in-putrefaction-Photo-0001.jpg,480p
https://media.deepgoretube.site/uploads/2021/04/Motorcycle-accident-completely-destroys-the-riders-leg-Photo-0001.jpg,1080p
https://media.deepgoretube.site/uploads/2021/04/Man-being-electrocuted-alive-to-death-on-high-voltage-wires-Photo-0001.jpg,720p
https://media.deepgoretube.site/uploads/2021/04/Routine-approach-in-the-USA-ends-in-a-gunshot-Photo-0001.jpg,360p
https://media.deepgoretube.site/uploads/2021/04/Woman-tries-to-rob-cell-phone-store-with-a-taser-but-theft-goes-wrong-Photo-0001.jpg,360p
https://media.deepgoretube.site/uploads/2021/04/Woman-is-robbed-in-Brazil-but-saved-by-police-officers-who-passed-by-the-place-at-the-right-time-Photo-0001.jpg,480p
https://media.deepgoretube.site/uploads/2021/04/Very-bizarre-position-to-die-for-Photo-0001.jpg,360p
https://media.deepgoretube.site/uploads/2021/04/I-think-he-will-lose-his-toy-Photo-0001.jpg,720p
https://media.deepgoretube.site/uploads/2021/04/Man-beheaded-by-the-back-of-his-neck-Photo-0001.jpg,720p
https://media.deepgoretube.site/uploads/2021/04/Man-beating-his-wife-until-blood-comes-out-of-her-skin-with-a-whip-He-was-severely-punished-by-Favelas-law-for-hitting-his-wife-like-that-Photo-0001.jpg,480p
https://media.deepgoretube.site/uploads/2021/04/A-man-who-allegedly-stole-a-womans-cell-phone-on-the-beach-is-lynched-by-a-furious-population-in-Brazil-after-a-mind-blowing-mini-escape-Photo-0001.jpg,480p
https://media.deepgoretube.site/uploads/2021/04/Dead-mans-body-being-completely-destroyed-in-maximum-carnage-Photo-0001.jpg,360p
https://media.deepgoretube.site/uploads/2021/04/Brutal-fight-with-a-machete-leaves-the-man-almost-dead-Photo-0001.jpg,480p
https://media.deepgoretube.site/uploads/2021/04/Man-lying-in-the-grave-being-killed-with-pick-blows-to-the-head-Photo-0001.jpg,360p
https://media.deepgoretube.site/uploads/2021/04/Woman-hits-her-opponents-head-on-the-ground-violently-repeatedly-until-causing-a-convulsion-during-a-violent-woman-fight-Photo-0001.jpg,320p
https://media.deepgoretube.site/uploads/2021/04/Fatal-traffic-accident-in-Brazil-Photo-0001.jpg,480p
https://media.deepgoretube.site/uploads/2021/04/Street-fight-ends-with-gunfire-and-assassination-attempt-Photo-0001.jpg,480p
https://media.deepgoretube.site/uploads/2021/04/Bodies-emerging-from-a-clandestine-shallow-ditch-in-Brazil-Illegal-cemetery-for-spawning-bodies-for-organized-crime-Photo-0001.jpg,480p
https://media.deepgoretube.site/uploads/2021/04/Man-crushed-by-his-own-truck-in-a-terrible-traffic-accident-in-Brazil-Photo-0001.jpg,480p
https://media.deepgoretube.site/uploads/2021/04/How-to-deal-with-the-lazy-student-Photo-0001.jpg,360p
https://media.deepgoretube.site/uploads/2021/04/A-traffic-accident-with-a-truck-is-filmed-Photo-0001.jpg,480p
https://media.deepgoretube.site/uploads/2021/04/Man-is-executed-with-a-shot-in-the-head-by-hitman-in-Brazil-Photo-0001.jpg,480p
https://media.deepgoretube.site/uploads/2021/04/Man-is-fatally-shot-by-police-in-Florida-Photo-0001.jpg,360p
https://media.deepgoretube.site/uploads/2021/04/Man-is-shot-dead-in-a-shootout-with-Columbus-police-and-Mount-Carmel-St.-Ann-hospital-security-Photo-0001.jpg,360p
https://media.deepgoretube.site/uploads/2021/04/Maximum-penalty-thieves-being-executed-by-the-state-of-Myanmar-Photo-0001.jpg,480p
https://media.deepgoretube.site/uploads/2021/04/Kidnappers-stabbed-killed-and-burned-alive-by-the-furious-population-seeking-of-justice-Photo-0001.jpg,720p
https://media.deepgoretube.site/uploads/2021/04/Two-thieves-being-killed-by-an-angry-population-at-the-time-of-lynching-Photo-0001.jpg,720p
https://media.deepgoretube.site/uploads/2021/04/Legs-completely-destroyed-in-a-motorcycle-accident-in-Cameroon-Photo-0001.jpg,480p
https://media.deepgoretube.site/uploads/2021/04/Raw-video-shows-the-moment-New-Mexico-officer-killed-during-traffic-stop-Photo-0001.jpg,480p
https://media.deepgoretube.site/uploads/2021/04/Person-completely-burned-by-kerosene-still-alive-and-breathing-Photo-0001.jpg,480p
https://media.deepgoretube.site/uploads/2021/04/Woman-with-hair-shaved-forcibly-as-punishment-by-the-world-of-crime-Photo-0001.jpg,480p
https://media.deepgoretube.site/uploads/2021/04/Dinner-at-a-restaurant-bar-ends-in-a-fight-and-stabbing-Photo-0001.jpg,480p
https://media.deepgoretube.site/uploads/2021/04/Woman-runs-away-from-the-fight-with-style-Photo-0001.jpg,360p
https://media.deepgoretube.site/uploads/2021/04/Cartel-members-execute-police-officer-in-broad-daylight-in-Mexico-Photo-0001.jpg,480p
https://media.deepgoretube.site/uploads/2021/04/Woman-films-her-sister-who-was-stabbed-to-death-in-Brazil-Photo-0001.jpg,480p
https://media.deepgoretube.site/uploads/2021/04/Man-is-punished-with-wooden-blows-for-allegedly-assaulting-his-wife-Photo-0001.jpg,480p
https://media.deepgoretube.site/uploads/2021/04/Delicious-horse-meat-I-hope-they-dont-mislead-the-consumer-Photo-0001.jpg,480p
https://media.deepgoretube.site/uploads/2021/04/Naked-man-fighting-on-the-street-and-who-gets-the-worst-is-his-friend-Photo-0001.jpg,480p
https://media.deepgoretube.site/uploads/2021/04/Heap-of-crushed-meat-after-a-terrible-traffic-accident-Photo-0001.jpg,480p
https://media.deepgoretube.site/uploads/2021/04/Transvestites-fighting-like-girls-very-sexy-Photo-0001.jpg,480p
https://media.deepgoretube.site/uploads/2021/04/Man-falls-from-a-pine-tree-in-Brazil-and-his-friends-get-desperate-Photo-0001.jpg,480p
https://media.deepgoretube.site/uploads/2021/04/Thieves-injured-after-a-terrible-assault-that-resulted-in-police-confrontation-Photo-0001.jpg,720p
https://media.deepgoretube.site/uploads/2021/04/Russian-bullies-force-the-girl-to-lick-mud-feet-and-eat-some-shit-Photo-0001.jpg,360p
https://media.deepgoretube.site/uploads/2021/04/22-year-old-Russian-man-hangs-himself-committing-suicide-on-Facebook-live-Photo-0001.jpg,480p
https://media.deepgoretube.site/uploads/2021/04/Dead-woman-body-burning-on-the-roadside-in-Brazil-Photo-0001.jpg,480p
https://media.deepgoretube.site/uploads/2021/04/LAPD-cop-shoots-armed-man-outside-the-Olympic-community-police-station-in-Pico-Union-Photo-0001.jpg,480p
https://media.deepgoretube.site/uploads/2021/04/Pitbull-attacks-a-horse-that-was-pulling-a-carriage-carrying-young-family-but-the-horse-shows-who-is-the-boss-Photo-0001.jpg,480p
https://media.deepgoretube.site/uploads/2021/04/Women-fighting-while-men-just-watch-and-have-fun-Photo-0001.jpg,1080p
https://media.deepgoretube.site/uploads/2021/04/Bodycam-footage-video-of-Minnesota-police-shooting-Photo-0001.jpg,480p
https://media.deepgoretube.site/uploads/2021/04/Man-has-his-face-crushed-and-destroyed-from-being-punched-during-a-street-fight-Photo-0001.jpg,360p
https://media.deepgoretube.site/uploads/2021/04/Leg-completely-rotten-in-a-state-of-putrefaction-Photo-0001.jpg,480p
https://media.deepgoretube.site/uploads/2021/04/Man-kills-chicken-with-his-bare-hands-and-brings-it-back-to-life-in-a-macabre-ritual-Photo-0001.jpg,320p
https://media.deepgoretube.site/uploads/2021/04/Woman-with-open-face-during-surgery-Photo-0001.jpg,480p
https://media.deepgoretube.site/uploads/2021/04/Terrible-traffic-accident-leaves-a-trail-of-carnage-in-Brazil-Photo-0001.jpg,480p
https://media.deepgoretube.site/uploads/2021/04/Boat-accident-in-Indonesia-leaves-worker-injured-Photo-0001.jpg,720p
https://media.deepgoretube.site/uploads/2021/04/Girl-involved-in-drug-trafficking-being-murdered-Photo-0001.jpg,480p
https://media.deepgoretube.site/uploads/2021/04/Man-is-brutally-beaten-by-an-angry-mob-and-crushed-and-run-over-by-a-car-Photo-0001.jpg,480p
https://media.deepgoretube.site/uploads/2021/04/4-year-old-boy-runs-after-his-mother-on-the-road-and-they-are-both-run-over-by-a-motorcycle-in-Brazil-Photo-0001.jpg,480p
https://media.deepgoretube.site/uploads/2021/04/Bizarre-man-makes-selfie-with-victim-of-traffic-accident-Photo-0001.jpg,360p
https://media.deepgoretube.site/uploads/2021/04/Beheading-One-of-the-most-impressive-brutal-and-fucked-up-beheading-which-you-will-ever-see-in-your-whole-life-Photo-0001.jpg,360p
https://media.deepgoretube.site/uploads/2021/04/Fat-woman-teaches-you-how-to-defend-yourself-from-psychological-violence-Photo-0001.jpg,480p
https://media.deepgoretube.site/uploads/2021/04/Man-beating-woman-in-public-Photo-0001.jpg,480p
https://media.deepgoretube.site/uploads/2021/04/Man-is-crushed-by-the-wheels-of-the-truck-and-is-trapped-in-agony-Photo-0001.jpg,480p
https://media.deepgoretube.site/uploads/2021/04/Alleged-thief-is-shot-in-the-back-and-agonized-by-pain-in-the-sewer-water-Photo-0001.jpg,480p
https://media.deepgoretube.site/uploads/2021/04/The-most-fucked-up-autopsy-ever-Photo-0001.jpg,360p
https://media.deepgoretube.site/uploads/2021/04/Completely-injured-woman-still-alive-after-a-traffic-accident-Photo-0001.jpg,320p
https://media.deepgoretube.site/uploads/2021/04/Thief-gets-hurt-during-bus-robbery-Photo-0001.jpg,1080p
https://media.deepgoretube.site/uploads/2021/04/Man-being-brutally-beheaded-by-a-cartel-in-Mexico-Photo-0001.jpg,1080p
https://media.deepgoretube.site/uploads/2021/04/Woman-being-brutally-beaten-in-the-favela-as-punishment-for-breaking-the-favela-laws-Photo-0001.jpg,480p
https://media.deepgoretube.site/uploads/2021/04/Alleged-rapist-allegedly-killed-by-the-victims-family-Photo-0001.jpg,360p
https://media.deepgoretube.site/uploads/2021/04/Thief-being-punished-for-stealing-in-the-favela-with-a-toy-gun-Photo-0001.jpg,480p
https://media.deepgoretube.site/uploads/2021/04/Man-is-brutally-attacked-with-ax-blows-in-Mexico-Photo-0001.jpg,1080p
https://media.deepgoretube.site/uploads/2021/04/Man-is-completely-destroyed-and-becomes-a-heap-of-human-flesh-Photo-0001.jpg,480p
https://media.deepgoretube.site/uploads/2021/04/Man-is-shot-during-a-traffic-fight-in-front-of-his-child-and-wife-and-is-at-risk-of-becoming-paraplegic-Photo-0001.jpg,480p
https://media.deepgoretube.site/uploads/2021/04/Attempted-theft-goes-wrong-in-Brazil-and-the-thief-is-shot-dead-Photo-0001.jpg,480p
https://media.deepgoretube.site/uploads/2021/04/Thief-shoots-a-woman-in-the-leg-during-an-attempted-assault-for-no-reason-Photo-0001.jpg,480p
https://media.deepgoretube.site/uploads/2021/04/That-moment-when-you-discover-that-you-are-completely-fucked-up-Photo-0001.jpg,1080p
https://media.deepgoretube.site/uploads/2021/04/Girls-fighting-in-the-middle-of-the-field-instead-of-playing-Photo-0001.jpg,1080p
https://media.deepgoretube.site/uploads/2021/04/Man-on-fire-after-suffering-a-deadly-electric-shock-Photo-0001.jpg,480p
https://media.deepgoretube.site/uploads/2021/04/Man-stabs-woman-to-death-in-the-middle-of-the-street-in-broad-daylight-Photo-0001.jpg,360p
https://media.deepgoretube.site/uploads/2021/04/Man-being-dismembered-alive-with-a-chainsaw-by-cartel-Photo-0001.jpg,480p
https://media.deepgoretube.site/uploads/2021/04/Woman-taking-off-her-face-as-if-it-were-a-mask-after-a-traffic-accident-in-Brazil-Photo-0001.jpg,320p
https://media.deepgoretube.site/uploads/2021/04/Widespread-fight-against-security-in-a-cafeteria-in-Brazil-Photo-0001.jpg,360p
https://media.deepgoretube.site/uploads/2021/04/Man-being-killed-with-several-stabs-to-the-heart-in-prison-in-Brazil-Photo-0001.jpg,320p
https://media.deepgoretube.site/uploads/2021/08/Man-being-dismembered-alive-completely-by-cartel-Photo-0001.jpg,480p
https://media.deepgoretube.site/uploads/2021/03/Woman-being-brutally-stabbed-to-death-in-the-thicket-in-Brazil-Photo-0001.jpg,1080p
https://media.deepgoretube.site/uploads/2021/03/Man-is-attacked-by-seven-Pitbulls-and-dies-on-the-street-Photo-0001.jpg,480p
https://media.deepgoretube.site/uploads/2021/03/The-demon-lives-Photo-0001.jpg,144p
https://media.deepgoretube.site/uploads/2021/03/Cutting-the-brain-Photo-0001.jpg,360p
https://media.deepgoretube.site/uploads/2021/03/Young-couple-being-beaten-with-sticks-in-Brazil-Photo-0001.jpg,360p
https://media.deepgoretube.site/uploads/2021/03/Man-eating-worms-with-bread-disgusting-Photo-0001.jpg,480p
https://media.deepgoretube.site/uploads/2021/03/Two-against-one-This-is-cowardice-Photo-0001.jpg,480p
https://media.deepgoretube.site/uploads/2021/03/Woman-being-beaten-for-cheating-on-her-husband-in-the-Favela-in-Brazil-Photo-0001.jpg,480p
https://media.deepgoretube.site/uploads/2021/03/Woman-suffers-attempted-murder-and-dies-on-the-floor-Photo-0001.jpg,480p
https://media.deepgoretube.site/uploads/2021/03/Worker-is-completely-destroyed-in-tragic-accident-at-work-Photo-0001.jpg,320p
https://media.deepgoretube.site/uploads/2021/03/Girls-fighting-in-the-favela-for-gossip-Photo-0001.jpg,320p
https://media.deepgoretube.site/uploads/2021/03/Woman-being-stabbed-to-death-while-she-has-her-foot-torn-off-with-machete-blows-Photo-0001.jpg,480p
https://media.deepgoretube.site/uploads/2021/03/Mother-beats-humiliates-and-tortures-her-own-teenage-son-Photo-0001.jpg,480p
https://media.deepgoretube.site/uploads/2021/03/Man-killing-woman-with-point-blank-shots-and-cold-blood-Photo-0001.jpg,360p
https://media.deepgoretube.site/uploads/2021/03/Real-cannibalism-Woman-eating-the-dead-mans-body-Photo-0001.jpg,480p
https://media.deepgoretube.site/uploads/2021/03/Traffic-accident-involving-motorcycle-Photo-0001.jpg,360p
https://media.deepgoretube.site/uploads/2021/02/Psycho-man-kills-his-female-virtual-gamer-friend-in-Brazil-Photo-0001.jpg,480p
https://media.deepgoretube.site/uploads/2021/02/A-bunch-of-women-fighting-in-the-middle-of-the-street-Photo-0001.jpg,720p
https://media.deepgoretube.site/uploads/2021/02/Man-falls-down-to-break-his-spine-and-ass-in-a-wrong-attempt-to-whatever-Photo-0001.jpg,480p
https://media.deepgoretube.site/uploads/2021/02/Giant-gate-falls-on-a-woman-crushing-her-Photo-0001.jpg,480p
https://media.deepgoretube.site/uploads/2021/02/Removing-worms-from-the-skull-of-a-man-with-an-extreme-headache-Photo-0001.jpg,720p
https://media.deepgoretube.site/uploads/2021/02/Indonesian-fisherman-catches-shark-that-has-human-face-Photo-0001.jpg,360p
https://media.deepgoretube.site/uploads/2021/02/You-should-never-be-looking-at-someone-elses-penis-in-the-public-toilet-Photo-0001.jpg,360p
https://media.deepgoretube.site/uploads/2021/02/Your-superpower-almost-killed-you-boy-Photo-0001.jpg,480p
https://media.deepgoretube.site/uploads/2021/02/Oh-this-is-not-good-She-likes-self-mutilation-to-look-sexy-Photo-0001.jpg,1080p
https://media.deepgoretube.site/uploads/2021/02/The-Demon-lives-in-Brazil-Photo-0001.jpg,480p
https://media.deepgoretube.site/uploads/2021/02/Man-dies-electrocuted-when-hit-by-a-high-voltage-wire-while-walking-on-the-street-Photo-0001.jpg,480p
https://media.deepgoretube.site/uploads/2021/02/Eew-You-shouldnt-do-that-its-disgusting-Photo-0001.jpg,720p
https://media.deepgoretube.site/uploads/2021/02/Simple-question-why-Photo-0001.jpg,360p
https://media.deepgoretube.site/uploads/2021/02/Wife-catches-husband-cheating-in-motel-Photo-0001.jpg,640p
https://media.deepgoretube.site/uploads/2021/02/Ultra-realistic-doll-to-train-surgeries-Photo-0001.jpg,640p
https://media.deepgoretube.site/uploads/2021/02/Man-jumps-to-suicide-and-falls-on-baby-carriage-Photo-0001.jpg,360p
https://media.deepgoretube.site/uploads/2021/02/So-you-have-stomach-to-open-the-fishs-belly-but-not-to-see-a-simple-hand-Photo-0001.jpg,480p
https://media.deepgoretube.site/uploads/2021/02/Hulk-Smash-indeed-Watch-with-audio-on-Photo-0001.jpg,360p
https://media.deepgoretube.site/uploads/2021/02/Women-wanting-to-fight-to-the-death-Photo-0001.jpg,360p
https://media.deepgoretube.site/uploads/2021/02/Wow-she-has-a-serious-illness-I-dont-know-what-it-is-but-I-know-its-serious-Photo-0001.jpg,360p
https://media.deepgoretube.site/uploads/2021/02/The-car-crashes-head-on-on-two-bikes-Photo-0001.jpg,360p
https://media.deepgoretube.site/uploads/2021/02/Can-you-imagine-the-terrible-pain-he-is-feeling-Photo-0001.jpg,360p
https://media.deepgoretube.site/uploads/2021/02/Women-apply-favelas-law-to-educate-another-woman-with-wooden-blows-Photo-0001.jpg,480p
https://media.deepgoretube.site/uploads/2021/02/Removing-tooth-from-the-roof-of-the-mouth-Photo-0001.jpg,480p
https://media.deepgoretube.site/uploads/2021/02/The-ghost-trucker-Photo-0001.jpg,480p
https://media.deepgoretube.site/uploads/2021/02/Woman-throws-herself-off-a-building-and-the-sound-is-terrible-Photo-0001.jpg,1080p
https://media.deepgoretube.site/uploads/2021/02/The-worst-open-chest-Ive-ever-seen-in-my-life-Photo-0001.jpg,720p
https://media.deepgoretube.site/uploads/2021/02/Woman-suffering-batons-in-her-hand-for-stealing-in-the-favela-of-Brazil-Photo-0001.jpg,480p
https://media.deepgoretube.site/uploads/2021/02/Calf-is-born-with-two-heads-in-northern-Brazil-and-survives-Photo-0001.jpg,1080p
https://media.deepgoretube.site/uploads/2021/02/Police-officers-acting-with-truculence-and-violence-to-immobilize-a-man-Photo-0001.jpg,1080p
https://media.deepgoretube.site/uploads/2021/02/Terrible-police-car-accident-Photo-0001.jpg,720p
https://media.deepgoretube.site/uploads/2021/02/The-more-I-live-the-more-bizarre-I-see-Photo-0001.jpg,360p
https://media.deepgoretube.site/uploads/2021/02/Murder-of-a-beautiful-woman-is-captured-by-cameras-Photo-0001.jpg,480p
https://media.deepgoretube.site/uploads/2021/02/Horse-racing-ends-incredibly-wrong-Photo-0001.jpg,1080p
https://media.deepgoretube.site/uploads/2021/02/Hey-dont-play-with-the-dogs-balls-bro-Photo-0001.jpg,720p
https://media.deepgoretube.site/uploads/2021/02/Woman-with-her-head-completely-crushed-by-bricks-Photo-0001.jpg,480p
https://media.deepgoretube.site/uploads/2021/02/Woman-caught-cheating-on-her-husband-in-bed-with-lover-in-Brazil-Photo-0001.jpg,480p
https://media.deepgoretube.site/uploads/2021/02/Woman-fight-until-to-fall-into-the-sewer-in-an-open-ditch-Photo-0001.jpg,480p
https://media.deepgoretube.site/uploads/2021/02/Woman-assaulted-and-thrown-in-the-middle-of-the-street-completely-naked-is-rescued-by-popular-people-in-Brazil-Photo-0001.jpg,480p
https://media.deepgoretube.site/uploads/2021/02/A-man-invades-his-ex-girlfriends-work-and-stabs-her-with-several-stabs-until-she-dies-Photo-0001.jpg,240p
https://media.deepgoretube.site/uploads/2021/02/Thief-receiving-immediate-punishment-for-trying-to-steal-in-Brazil-Photo-0001.jpg,720p
https://media.deepgoretube.site/uploads/2021/02/They-really-know-how-to-fight-Photo-0001.jpg,360p
https://media.deepgoretube.site/uploads/2021/02/Girls-fighting-in-Africa-get-wet-Photo-0001.jpg,1080p
https://media.deepgoretube.site/uploads/2022/01/Woman-punished-for-disrespecting-favela-laws-in-Brazil-Photo-0001.jpg,480p
https://media.deepgoretube.site/uploads/2021/02/Woman-being-punished-for-allegedly-hitting-a-child-in-the-favela-in-Brazil-Photo-0001.jpg,480p
https://media.deepgoretube.site/uploads/2021/02/Woman-being-killed-by-machete-blows-inside-the-room-without-reacting-to-death-Photo-0001.jpg,480p
https://media.deepgoretube.site/uploads/2021/02/Woman-throws-herself-under-the-wheels-of-a-truck-in-a-terrible-suicide-attempt-Photo-0001-1.jpg,480p
https://media.deepgoretube.site/uploads/2021/02/Body-of-a-raped-and-dead-woman-tied-to-a-tree-Photo-0001.jpg,640p
https://media.deepgoretube.site/uploads/2021/02/Forgive-me-but-this-is-not-edible-Photo-0001.jpg,360p
https://media.deepgoretube.site/uploads/2021/02/She-doesnt-know-when-to-give-up-a-losing-fight-Photo-0001.jpg,360p
https://media.deepgoretube.site/uploads/2021/02/Still-moving-after-terrible-traffic-accident-Photo-0001.jpg,620p
https://media.deepgoretube.site/uploads/2021/02/The-rotten-power-of-decomposition-Photo-0001.jpg,360p
https://media.deepgoretube.site/uploads/2021/02/The-real-birth-of-a-coconut-Photo-0001.jpg,480p
https://media.deepgoretube.site/uploads/2021/02/Women-fighting-in-the-middle-of-the-street-show-their-tits-and-ferocity-Photo-0001.jpg,1080p
https://media.deepgoretube.site/uploads/2021/02/Two-young-women-being-stabbed-to-death-in-the-neck-and-face-in-Brazil-Horrible-brutal-Photo-0001.jpg,360p
https://media.deepgoretube.site/uploads/2021/02/Woman-being-stabbed-to-death-and-barely-beheaded-by-other-women-in-Brazil-Photo-0001.jpg,480p
https://media.deepgoretube.site/uploads/2021/02/The-miracle-of-life-Photo-0001.jpg,620p
https://media.deepgoretube.site/uploads/2021/02/How-to-light-the-stove-in-style-Photo-0001.jpg,360p
https://media.deepgoretube.site/uploads/2021/02/Girls-fighting-in-the-mud-puddle-for-no-apparent-reason-Photo-0001.jpg,480p
https://media.deepgoretube.site/uploads/2021/02/Man-throws-young-man-violently-on-the-floor-Photo-0001.jpg,1080p
https://media.deepgoretube.site/uploads/2021/02/Man-cuts-the-head-of-his-own-dick-in-a-half-with-a-small-knife-Photo-0001.jpg,480p
https://media.deepgoretube.site/uploads/2021/02/I-think-they-are-going-to-have-to-build-everything-again-Photo-0001.jpg,360p
https://media.deepgoretube.site/uploads/2021/02/Bad-accident-when-landing-from-free-flight-Photo-0001.jpg,1080p
https://media.deepgoretube.site/uploads/2021/02/Man-touches-the-high-voltage-wire-on-top-of-the-train-and-becomes-a-burning-ball-Photo-0001.jpg,480p
https://media.deepgoretube.site/uploads/2021/02/Man-falls-in-the-lions-area-and-is-attacked-fiercely-at-the-zoo-Photo-0001.jpg,360p
https://media.deepgoretube.site/uploads/2021/02/Woman-is-beaten-and-robbed-when-entering-the-building-Photo-0001.jpg,360p
https://media.deepgoretube.site/uploads/2021/02/The-beauty-of-thinness-Photo-0001.jpg,360p
https://media.deepgoretube.site/uploads/2021/02/How-to-dive-into-the-waterfall-in-style-Photo-0001.jpg,720p
https://media.deepgoretube.site/uploads/2021/02/Thief-stoned-in-the-head-before-entering-the-police-vehicle-Nice-sight-but-if-he-had-missed-Photo-0001.jpg,720p
https://media.deepgoretube.site/uploads/2021/02/A-woman-hits-her-rivals-head-on-the-wall-for-having-sex-with-her-husband-in-the-best-cheating-style-Photo-0001.jpg,360p
https://media.deepgoretube.site/uploads/2021/02/Beautiful-girl-punished-and-humiliated-for-cheating-in-Brazils-favela-due-to-favela-law-Photo-0001.jpg,480p
https://media.deepgoretube.site/uploads/2021/02/Super-hot-women-fighting-in-the-locker-room-wearing-only-lingerie-Photo-0001.jpg,360p
https://media.deepgoretube.site/uploads/2021/02/Woman-punished-with-wooden-blows-She-did-the-wrong-thing-in-the-favela-of-Brazil-Photo-0001.jpg,480p
https://media.deepgoretube.site/uploads/2021/02/Tranny-fighting-with-style-in-the-middle-of-the-street-in-Brazil-for-provocations-Photo-0001.jpg,480p
https://media.deepgoretube.site/uploads/2021/02/There-is-nothing-worse-than-a-traitorous-dog-Photo-0001.jpg,360p
https://media.deepgoretube.site/uploads/2021/02/How-to-punish-a-thief-for-stealing-Photo-0001.jpg,360p
https://media.deepgoretube.site/uploads/2021/02/Guys-this-is-disgusting-She-is-kissing-the-dog-on-the-mouth-Photo-0001.jpg,360p
https://media.deepgoretube.site/uploads/2022/01/Woman-caught-stealing-in-Brazil-is-punished-Photo-0001.jpg,720p
https://media.deepgoretube.site/uploads/2021/02/Evil-wants-your-soul-Photo-0001.jpg,480p
https://media.deepgoretube.site/uploads/2021/02/Terrible-traffic-accident-involving-trucks-Father-tries-to-save-son-from-the-flames-Photo-0001.jpg,240p
https://media.deepgoretube.site/uploads/2021/02/Very-difficult-operation-to-remove-something-from-inside-his-butt-Photo-0001.jpg,480p
https://media.deepgoretube.site/uploads/2021/02/In-Brazil-the-police-shoot-to-kill-whenever-a-criminal-decides-to-shoot-the-police-Photo-0001.jpg,720p
https://media.deepgoretube.site/uploads/2021/02/In-India-stick-fights-always-lead-to-death-Photo-0001.jpg,480p
https://media.deepgoretube.site/uploads/2021/02/This-is-crazy-How-did-they-not-realize-this-was-going-to-go-wrong-Photo-0001.jpg,360p
https://media.deepgoretube.site/uploads/2021/02/It-is-obvious-that-this-would-not-end-well-You-dont-have-to-be-a-genius-to-know-that-Photo-0001.jpg,360p
https://media.deepgoretube.site/uploads/2021/02/This-cannot-be-true-it-is-completely-absurd-Photo-0001.jpg,480p
https://media.deepgoretube.site/uploads/2021/02/Man-with-severe-injury-walking-on-the-street-Photo-0001.jpg,720p
https://media.deepgoretube.site/uploads/2021/02/Man-falls-to-his-death-in-a-terrible-accident-of-bad-luck-Photo-0001.jpg,360p
https://media.deepgoretube.site/uploads/2021/02/Old-man-has-the-misfortune-of-being-robbed-but-he-is-lucky-to-get-out-alive-in-Brazil-Photo-0001.jpg,360p
https://media.deepgoretube.site/uploads/2021/02/Man-beaten-for-defying-Brazils-slum-laws-Photo-0001.jpg,480p
https://media.deepgoretube.site/uploads/2021/02/Old-woman-takes-revenge-on-those-who-make-noise-at-her-window-Photo-0001.jpg,360p
https://media.deepgoretube.site/uploads/2021/02/Terrible-genetic-disease-of-warts-all-over-the-body-Photo-0001.jpg,360p
https://media.deepgoretube.site/uploads/2021/02/The-real-T-800-Photo-0001.jpg,480p
https://media.deepgoretube.site/uploads/2021/02/Thief-tries-to-invade-home-to-steal-in-Brazil-but-it-ends-badly-Photo-0001.jpg,480p
https://media.deepgoretube.site/uploads/2021/02/How-to-escape-the-police-in-style-Photo-0001.jpg,720p
https://media.deepgoretube.site/uploads/2021/02/Man-attacked-on-the-street-with-iron-bar-has-a-huge-crack-in-his-head-Photo-0001.jpg,1080p
https://media.deepgoretube.site/uploads/2021/02/Moment-when-you-do-shit-regret-it-but-time-doesnt-come-back-Photo-0001.jpg,480p
https://media.deepgoretube.site/uploads/2021/02/Mortal-Kombat-in-real-life-Man-VS-Woman-Man-tries-to-fight-woman-knife-armed-Photo-0001.jpg,1080p
https://media.deepgoretube.site/uploads/2021/02/Crazy-woman-with-fire-in-the-head-Photo-0001.jpg,360p
https://media.deepgoretube.site/uploads/2021/02/You-should-never-play-with-snakes-They-can-bite-you-Photo-0001.jpg,480p
https://media.deepgoretube.site/uploads/2021/02/Never-turn-your-back-on-a-train-Photo-0001.jpg,720p
https://media.deepgoretube.site/uploads/2021/02/Russians-and-their-bad-games-Photo-0001.jpg,480p
https://media.deepgoretube.site/uploads/2021/02/Why-did-he-jump-It-doesnt-make-sense-he-was-about-to-be-saved-Photo-0001.jpg,720p
https://media.deepgoretube.site/uploads/2021/02/Strange-and-bizarre-creature-found-dead-somewhere-in-Brazil-Photo-0001.jpg,480p
https://media.deepgoretube.site/uploads/2021/02/Supermarket-employee-fights-with-furious-customer-in-Brazil-Photo-0001.jpg,720p
https://media.deepgoretube.site/uploads/2021/02/Father-punishing-his-own-daughter-for-posting-nudes-on-social-media-in-Brazil-Photo-0001.jpg,480p
https://media.deepgoretube.site/uploads/2021/02/Many-girls-fighting-at-the-same-time-in-broad-daylight-Photo-0001.jpg,480p
https://media.deepgoretube.site/uploads/2021/02/When-a-piercing-can-kill-you-Photo-0001.jpg,360p
https://media.deepgoretube.site/uploads/2021/02/Girls-fighting-in-the-best-Brazilian-way-of-be-Photo-0001.jpg,480p
https://media.deepgoretube.site/uploads/2021/02/Woman-beaten-humiliated-and-dragged-naked-by-the-hair-for-cheating-by-a-man-Photo-0001.jpg,360p
https://media.deepgoretube.site/uploads/2021/02/Women-fighting-at-night-and-no-one-separates-the-fight-in-Brazil-Photo-0001.jpg,360p
https://media.deepgoretube.site/uploads/2021/01/The-fighter-breaks-his-opponents-leg-and-it-returns-to-normal-Photo-0001.jpg,480p
https://media.deepgoretube.site/uploads/2021/01/A-female-supermarket-employee-savagely-attacks-another-employee-in-Brazil-Photo-0001.jpg,360p
https://media.deepgoretube.site/uploads/2021/01/Men-fighting-until-one-almost-brake-the-others-face-with-several-punches-Photo-0001.jpg,720p
https://media.deepgoretube.site/uploads/2021/01/Terrible-disease-runs-through-a-mans-skull-to-the-brain-Photo-0001.jpg,360p
https://media.deepgoretube.site/uploads/2021/01/Girls-fighting-savagely-in-the-middle-of-the-street-in-Brazil-Photo-0001.jpg,480p
https://media.deepgoretube.site/uploads/2021/01/Man-speaks-with-his-throat-cut-in-half-Photo-0001.jpg,360p
https://media.deepgoretube.site/uploads/2021/01/Biker-had-his-head-smashed-in-a-terrible-traffic-accident-Photo-0001.jpg,360p
https://media.deepgoretube.site/uploads/2021/01/Terrible-traffic-accident-leaves-woman-unconscious-in-the-passenger-seat-Photo-0001.jpg,480p
https://media.deepgoretube.site/uploads/2021/01/Wife-catches-husband-with-lover-and-slaps-her-in-the-face-several-times-Photo-0001.jpg,720p
https://media.deepgoretube.site/uploads/2021/01/Corpse-of-a-dead-beautiful-Japanese-woman-Photo-0001.jpg,480p
https://media.deepgoretube.site/uploads/2021/01/Women-fighting-in-the-middle-of-the-street-in-broad-daylight-until-a-lot-of-blood-comes-out-of-the-weakest-Photo-0001.jpg,360p
https://media.deepgoretube.site/uploads/2021/01/Woman-fighting-with-patient-in-medical-office-Photo-0001.jpg,480p
https://media.deepgoretube.site/uploads/2021/01/Beautiful-woman-punished-in-Africa-by-an-angry-crowd-Photo-0001.jpg,720p
https://media.deepgoretube.site/uploads/2021/01/Woman-punished-for-defying-Brazils-slum-laws-Photo-0001.jpg,480p
https://media.deepgoretube.site/uploads/2021/01/Thief-tries-to-rob-the-store-and-is-beaten-by-mob-Photo-0001.jpg,360p
https://media.deepgoretube.site/uploads/2021/01/Victims-react-to-the-robbery-and-are-shot-in-cold-blood-by-woman-Photo-0001.jpg,360p
https://media.deepgoretube.site/uploads/2021/01/It-takes-a-lot-of-courage-to-try-this-homemade-treatment-Photo-0001.jpg,360p
https://media.deepgoretube.site/uploads/2021/01/Woman-punished-for-cheating-in-the-favela-Brazil-scared-to-death-Photo-0001.jpg,360p
https://media.deepgoretube.site/uploads/2021/01/Girls-fighting-over-loving-betrayal-in-Brazil-Photo-0001.jpg,360p
https://media.deepgoretube.site/uploads/2021/01/Brutal-women-fight-at-the-gas-station-Photo-0001.jpg,360p
https://media.deepgoretube.site/uploads/2021/01/Two-girls-fighting-as-they-roll-down-the-stairs-in-the-best-wrestling-style-Photo-0001.jpg,360p
https://media.deepgoretube.site/uploads/2021/01/Chinese-girl-humiliates-and-beats-her-colleague-for-everyone-to-watch-Terrible-Photo-0001.jpg,480p
https://media.deepgoretube.site/uploads/2021/01/Remove-something-from-the-teeth-Photo-0001.jpg,320p
https://media.deepgoretube.site/uploads/2021/01/Woman-punished-with-broken-arms-for-stealing-in-Favela-Brazil-Photo-0001.jpg,480p
https://media.deepgoretube.site/uploads/2021/01/Woman-punched-several-times-in-face-during-a-girls-fight-Photo-0001.jpg,480p
https://media.deepgoretube.site/uploads/2021/01/Woman-brutally-beaten-by-a-man-in-the-middle-of-the-street-in-Brazil-Photo-0001.jpg,480p
https://media.deepgoretube.site/uploads/2021/01/Hot-woman-fight-in-the-middle-of-the-street-in-front-of-the-bar-Photo-0001.jpg,360p
https://media.deepgoretube.site/uploads/2021/01/Naked-Chinese-couple-beaten-for-cheating-Photo-0001.jpg,360p
https://media.deepgoretube.site/uploads/2021/01/This-is-insane-I-think-its-got-a-small-artery-Photo-0001.jpg,360p
https://media.deepgoretube.site/uploads/2021/01/Woman-receives-the-most-powerful-superman-punch-on-face-Photo-0001.jpg,360p
https://media.deepgoretube.site/uploads/2021/01/Camel-doesnt-like-selfie-Photo-0001.jpg,1080p
https://media.deepgoretube.site/uploads/2021/01/Pretty-girls-fighting-on-the-sidewalk-in-the-dead-of-night-Photo-0001.jpg,1080p
https://media.deepgoretube.site/uploads/2021/01/It-retrieves-the-head-from-somewhere-I-hope-its-fake-Photo-0001.jpg,360p
https://media.deepgoretube.site/uploads/2021/01/Man-breaks-his-own-leg-during-the-tournament-Photo-0001.jpg,360p
https://media.deepgoretube.site/uploads/2021/01/This-is-extremely-disgusting-Man-eats-worms-directly-from-decaying-dead-moose-Photo-0001.jpg,240p
https://media.deepgoretube.site/uploads/2021/01/Open-arm-working-on-the-operating-table-Photo-0001.jpg,320p
https://media.deepgoretube.site/uploads/2021/01/This-is-definitely-not-a-fair-fight-a-lot-of-cowardice-Photo-0001.jpg,360p
https://media.deepgoretube.site/uploads/2021/01/Women-fight-on-the-dirt-floor-to-see-who-is-the-strongest-Photo-0001.jpg,360p
https://media.deepgoretube.site/uploads/2021/01/Fighting-women-in-the-middle-of-the-street-in-broad-daylight-with-many-breasts-outside-Photo-0001.jpg,480p
https://media.deepgoretube.site/uploads/2021/01/Mistress-stripped-beaten-and-humiliated-by-a-betrayed-wife-Photo-0001.jpg,480p
https://media.deepgoretube.site/uploads/2021/01/A-big-fire-causes-chaos-in-the-supermarket-Photo-0001.jpg,720p
https://media.deepgoretube.site/uploads/2021/01/Routine-police-approach-in-Brazil-Photo-0001.jpg,480p
https://media.deepgoretube.site/uploads/2021/01/Woman-being-buried-alive-inside-a-box-Photo-0001.jpg,640p
https://media.deepgoretube.site/uploads/2021/01/Worms-infection-in-the-eye-Photo-0001.jpg,480p
https://media.deepgoretube.site/uploads/2021/01/Invasive-surgical-procedure-on-the-face-I-hope-he-or-she-is-fine-Photo-0001.jpg,360p
https://media.deepgoretube.site/uploads/2021/01/Womens-fight-ends-with-several-kicks-in-the-face-Photo-0001.jpg,360p
https://media.deepgoretube.site/uploads/2021/01/Restless-woman-armed-with-a-knife-closes-a-street-and-causes-chaos-in-Brazil-Photo-0001.jpg,480p
https://media.deepgoretube.site/uploads/2021/01/Guys-this-cant-be-true-but-unfortunately-it-is-Photo-0001.jpg,640p
https://media.deepgoretube.site/uploads/2021/01/Woman-punches-her-own-face-until-her-nose-bleeds-Photo-0001.jpg,480p
https://media.deepgoretube.site/uploads/2021/01/Man-is-attacked-by-two-pitbulls-inside-the-store-Photo-0001.jpg,360p
https://media.deepgoretube.site/uploads/2021/01/I-think-its-a-trick-what-do-you-think-Photo-0001.jpg,320p
https://media.deepgoretube.site/uploads/2021/01/More-school-girls-fighting-in-China-She-almost-kills-her-opponent-Photo-0001.jpg,480p
https://media.deepgoretube.site/uploads/2021/01/School-girls-fighting-at-the-break-to-show-whos-boss-Photo-0001.jpg,480p
https://media.deepgoretube.site/uploads/2021/01/Disappointed-mother-punishes-her-own-son-for-going-to-the-crime-world-Photo-0001.jpg,720p
https://media.deepgoretube.site/uploads/2021/01/Womens-fight-ends-with-tits-out-Photo-0001.jpg,480p
https://media.deepgoretube.site/uploads/2021/01/Woman-stabs-her-girlfriend-multiple-times-in-Brazil-Photo-0001.jpg,480p
https://media.deepgoretube.site/uploads/2021/01/Rescue-ends-up-incredibly-wrong-Photo-0001.jpg,480p
https://media.deepgoretube.site/uploads/2021/01/Doctors-you-are-truly-amazing-Photo-0001.jpg,720p
https://media.deepgoretube.site/uploads/2021/01/Fight-ends-with-knife-stuck-in-the-eye-Photo-0001.jpg,480p
https://media.deepgoretube.site/uploads/2021/01/Caught-in-the-act-doing-bad-things-Photo-0001.jpg,320p
https://media.deepgoretube.site/uploads/2021/01/China-this-is-no-food-Wake-up-Photo-0001.jpg,360p
https://media.deepgoretube.site/uploads/2021/01/ET_thumb2.jpg,720p
https://media.deepgoretube.site/uploads/2021/01/A-terrified-man-has-his-fingers-pulled-out-for-stealing-in-the-slum-in-Brazil_thumb2.jpg,480p
https://media.deepgoretube.site/uploads/2021/01/Being-beaten-for-cheating-in-the-act_thumb2.jpg,320p
https://media.deepgoretube.site/uploads/2021/01/Woman-stabbed-to-death-full-of-holes_thumb2.jpg,480p
https://media.deepgoretube.site/uploads/2021/01/Girls-fighting-on-the-street-showing-violence-and-brutality_thumb2.jpg,320p
https://media.deepgoretube.site/uploads/2021/01/His-balls-were-eaten-by-worms_thumb2.jpg,720p
https://media.deepgoretube.site/uploads/2021/01/Chinese-girl-getting-beaten-up-Photo-0001.jpg,480p
https://media.deepgoretube.site/uploads/2021/01/This-rotten-penis-is-one-of-the-worst-things-I-have-ever-seen-Photo-0001.jpg,720p
https://media.deepgoretube.site/uploads/2021/01/Police-invade-family-home-because-of-disturbances-in-Brazil-and-act-with-moderate-force-Photo-0001.jpg,720p
https://media.deepgoretube.site/uploads/2021/01/Extremely-severe-penis-disease-leaves-it-covered-worms-Photo-0001.jpg,720p
https://media.deepgoretube.site/uploads/2021/01/Women-being-beaten-in-Brazil-as-punishment-for-something-they-did-Photo-0001.jpg,480p
https://media.deepgoretube.site/uploads/2021/01/Woman-threatening-young-woman-with-a-knife-in-Brazil-Photo-0001.jpg,1080p
https://media.deepgoretube.site/uploads/2021/01/Naked-and-disturbed-woman-who-assaulted-elderly-woman-in-the-middle-of-the-street-in-Brazil-Part-2-Photo-0001.jpg,720p
https://media.deepgoretube.site/uploads/2021/01/Naked-and-disturbed-woman-assaulting-elderly-woman-in-the-middle-of-the-street-in-Brazil-Part-1-Photo-0001.jpg,720p
https://media.deepgoretube.site/uploads/2021/01/Woman-being-punished-in-Brazil-with-blows-on-the-hand-by-the-law-of-the-favela-Photo-0001.jpg,320p
https://media.deepgoretube.site/uploads/2021/01/Two-women-fighting-brutally-in-the-sexiest-way-possible-in-Brazil-Pure-violence-Photo-0001.jpg,320p
https://media.deepgoretube.site/uploads/2021/01/Woman-brutally-beaten-as-punishment-for-drinking-and-beating-her-mother-Photo-0001.jpg,720p
https://media.deepgoretube.site/uploads/2021/01/Woman-being-physically-assaulted-by-two-women-in-an-unfair-fight-Photo-0001.jpg,1080p
https://media.deepgoretube.site/uploads/2021/01/Bad-joke-for-sure-but-worthy-of-movies-Photo-0001.jpg,420p
https://media.deepgoretube.site/uploads/2021/01/This-is-bizarre-This-is-bad-This-cannot-be-real-Photo-0001.jpg,480p
https://media.deepgoretube.site/uploads/2021/01/Chinese-girl-being-brutally-beaten-for-no-apparent-reason-Photo-0001.jpg,720p
https://media.deepgoretube.site/uploads/2021/01/Pretty-woman-being-beaten-by-men-in-Brazil-due-to-favela-law-punishment-Photo-0001.jpg,480p
https://media.deepgoretube.site/uploads/2021/01/Drinking-beer-from-a-dead-deer-Photo-0001.jpg,640p
https://media.deepgoretube.site/uploads/2021/01/Girls-humiliate-and-beat-girl-in-a-deserted-place-Photo-0001.jpg,720p
https://media.deepgoretube.site/uploads/2021/01/I-really-hope-this-is-fake-Photo-0001.jpg,420p
https://media.deepgoretube.site/uploads/2021/01/Woman-tries-to-kill-herself-by-opening-her-own-belly-with-a-knife-in-Brazil-Photo-0001.jpg,640p
https://media.deepgoretube.site/uploads/2021/01/Woman-beaten-and-humiliated-by-another-girl-because-of-a-man-in-Brazil-Photo-0001.jpg,1280p
https://media.deepgoretube.site/uploads/2021/01/How-to-build-a-bonfire-the-wrong-way-Photo-0001.jpg,420p
https://media.deepgoretube.site/uploads/2021/01/This-is-what-I-call-Street-Fight-Photo-0001.jpg,720p
https://media.deepgoretube.site/uploads/2021/01/Mother-and-daughter-are-almost-eaten-alive-by-the-Anaconda-Photo-0001.jpg,320p
https://media.deepgoretube.site/uploads/2021/01/Evil-Pictures-Pack-1-Photo-0011.jpg,
https://media.deepgoretube.site/uploads/2021/01/Man-dragged-by-the-flood-loses-motorcycle-in-Brazil-Photo-0001.jpg,1280p
https://media.deepgoretube.site/uploads/2021/01/Pregnant-woman-dancing-funk-in-agglomeration-is-beaten-by-young-man-in-Brazil-Photo-0001.jpg,320p
https://media.deepgoretube.site/uploads/2021/01/Man-scalped-by-monkey-Photo-0001.jpg,720p
https://media.deepgoretube.site/uploads/2021/01/Girl-being-stabbed-to-death-on-the-beach-in-Brazil-by-two-women-Photo-0001.jpg,480p
https://media.deepgoretube.site/uploads/2021/01/Irregular-bus-accident-in-Brazil-that-fell-from-the-overpass-Photo-0001.jpg,320p
https://media.deepgoretube.site/uploads/2021/01/Leopard-loses-his-life-to-a-crocodile-Photo-0001.jpg,620p
https://media.deepgoretube.site/uploads/2021/01/Bus-plummets-from-an-overpass-in-Brazil-Photo-0001.jpg,320p
https://media.deepgoretube.site/uploads/2021/01/Thief-being-beaten-by-the-victim-he-tried-to-steal-in-Brazil-Photo-0001.jpg,320p
https://media.deepgoretube.site/uploads/2021/01/Woman-being-beaten-by-a-child-and-another-woman-with-sticks-Photo-0001.jpg,640p
https://media.deepgoretube.site/uploads/2021/01/Man-who-is-brave-against-women-receives-severe-punishment-from-the-favela-law-Photo-0001.jpg,640p
https://media.deepgoretube.site/uploads/2020/12/He-threw-a-giant-stone-at-the-others-head-Photo-0001.jpg,640p
https://media.deepgoretube.site/uploads/2020/12/Never-stop-your-motorcycle-or-anything-behind-a-truck-whose-driver-certainly-hasnt-seen-you-Photo-0001.jpg,320p
https://media.deepgoretube.site/uploads/2020/12/He-managed-to-escape-the-police-Photo-0001.jpg,640p
https://media.deepgoretube.site/uploads/2020/12/Savage-execution-in-Brazil-Photo-0001.jpg,420p
https://media.deepgoretube.site/uploads/2020/12/The-real-Venom-Photo-0001.jpg,420p
https://media.deepgoretube.site/uploads/2020/12/Strippers-fighting-in-a-strip-club-Photo-0001.jpg,640p
https://media.deepgoretube.site/uploads/2020/12/Shocking-motorcycle-accident-in-Brazil-Photo-0001.jpg,640p
https://media.deepgoretube.site/uploads/2020/12/Man-kills-his-girlfriend-and-sticks-a-knife-through-his-own-heart-Photo-0001.jpg,720p
https://media.deepgoretube.site/uploads/2020/12/Man-with-mental-problems-invades-supermarket-and-almost-kills-employee-with-machete-in-Brazil-Photo-0001.jpg,640p
https://media.deepgoretube.site/uploads/2020/12/Mother-educating-son-through-ax-blows-Photo-0001.jpg,420p
https://media.deepgoretube.site/uploads/2020/12/Look-at-this-look-at-this-How-did-he-do-it-Photo-0001.jpg,640p
https://media.deepgoretube.site/uploads/2020/12/Certainly-her-ass-was-all-destroyed-Photo-0001.jpg,480p
https://media.deepgoretube.site/uploads/2020/12/Its-shooting-Photo-0001.jpg,720p
https://media.deepgoretube.site/uploads/2020/12/What-is-it-Photo-0001.jpg,640p
https://media.deepgoretube.site/uploads/2020/12/Bite-that-nothing-Real-dog-goes-in-the-machete-Photo-0001.jpg,640p
https://media.deepgoretube.site/uploads/2020/12/Mother-educating-teenage-daughter-at-the-base-of-the-beat-Photo-0001.jpg,640p
https://media.deepgoretube.site/uploads/2020/12/In-Brazil-social-and-economic-problems-are-terrible-Photo-0001.jpg,400p
https://media.deepgoretube.site/uploads/2020/12/Worms-in-the-ear-Super-disgusting-Photo-0001.jpg,360p
https://media.deepgoretube.site/uploads/2020/12/The-worst-cemetery-in-the-world-Photo-0001.jpg,360p
https://media.deepgoretube.site/uploads/2020/12/Man-being-beaten-in-Brazil-for-an-unknown-reason-Photo-0001.jpg,640p
https://media.deepgoretube.site/uploads/2020/12/Woman-followed-by-stranger-is-brutally-beaten-Photo-0001.jpg,360p
https://media.deepgoretube.site/uploads/2020/12/Teens-beat-and-humiliate-young-girl-in-China-Photo-0001.jpg,960p
https://media.deepgoretube.site/uploads/2020/12/Women-fighting-the-way-people-like-in-Brazil-Photo-0001.jpg,640p
https://media.deepgoretube.site/uploads/2020/12/Man-beats-his-girlfriend-in-the-middle-of-the-street-right-after-leaving-UBER-Photo-0001.jpg,480p
https://media.deepgoretube.site/uploads/2020/12/He-used-to-assault-women-on-a-motorcycle-in-Brazil-Photo-0001.jpg,640p
https://media.deepgoretube.site/uploads/2020/12/Venezuelan-worker-dies-electrocuted-when-touching-electric-wire-Photo-0001.jpg,1080p
https://media.deepgoretube.site/uploads/2020/12/When-jumping-the-gate-man-has-spear-stuck-in-his-mouth-Photo-0001.jpg,640p
https://media.deepgoretube.site/uploads/2020/12/What-the-hell-is-this-Photo-0001.jpg,420p
https://media.deepgoretube.site/uploads/2020/12/Four-year-old-boy-brutally-murdered-in-broad-daylight-in-Bangladesh-Photo-0001.jpg,720p
https://media.deepgoretube.site/uploads/2020/12/Knife-fight-in-the-middle-of-the-street-broad-daylight-Photo-0001.jpg,480p
https://media.deepgoretube.site/uploads/2020/12/Worker-is-impaled-in-China-in-terrible-work-accident-Photo-0001.jpg,320p
https://media.deepgoretube.site/uploads/2020/12/Mother-punishing-her-own-daughter-for-posting-prohibited-photos-on-social-media-in-Brazil-Photo-0001.jpg,420p
https://media.deepgoretube.site/uploads/2020/12/Woman-with-serious-mental-problems-mutilates-herself-by-cutting-her-own-leg-Photo-0001.jpg,480p
https://media.deepgoretube.site/uploads/2020/12/The-incredible-brain-is-exposed-Photo-0001.jpg,420p
https://media.deepgoretube.site/uploads/2020/12/Man-is-crossed-by-a-stake-and-doctors-try-to-save-his-life-Photo-0001.jpg,480p
https://media.deepgoretube.site/uploads/2020/12/What-is-she-doing-Photo-0001.jpg,640p
https://media.deepgoretube.site/uploads/2020/12/Women-fighting-in-the-best-UFC-style-Photo-0001.jpg,320p
https://media.deepgoretube.site/uploads/2020/12/Indians-shoot-garimpeiros-in-Brazil-Photo-0001.jpg,640p
https://media.deepgoretube.site/uploads/2020/12/Security-guard-fails-to-prevent-a-womans-suicide-Photo-0001.jpg,480p
https://media.deepgoretube.site/uploads/2020/12/Woman-commits-suicide-in-front-of-the-authorities-Photo-0001.jpg,640p
https://media.deepgoretube.site/uploads/2020/12/Homeless-woman-gets-savagely-beating-for-no-reason-in-UK-Photo-0001.jpg,480p
https://media.deepgoretube.site/uploads/2020/12/Tranny-shows-genital-to-man-at-party-and-gets-punched-in-the-face-in-Brazil-Photo-0001.jpg,720p
https://media.deepgoretube.site/uploads/2020/12/Bull-rips-the-bullfighters-testicles-Photo-0001.jpg,720p
https://media.deepgoretube.site/uploads/2020/12/A-woman-kills-her-own-mother-makes-mincemeat-and-cooks-in-the-oven-to-eat-Photo-0001.jpg,
https://media.deepgoretube.site/uploads/2020/12/Innocent-man-gets-involved-in-an-accident-that-has-nothing-to-do-with-him-Photo-0001.jpg,320p
https://media.deepgoretube.site/uploads/2020/12/Woman-being-punished-for-stealing-in-the-favela-in-Brazil-Photo-0001.jpg,320p
https://media.deepgoretube.site/uploads/2020/12/Man-on-the-roof-jumps-into-the-pool-but-hits-the-floor-Photo-0001.jpg,720p
https://media.deepgoretube.site/uploads/2020/12/Woman-being-punished-for-doing-the-wrong-thing-in-the-favela-Photo-0001.jpg,320p
https://media.deepgoretube.site/uploads/2020/12/Ooops-I-didnt-see-it-Photo-0001.jpg,480p
https://media.deepgoretube.site/uploads/2020/12/The-policeman-falls-off-his-motorcycle-but-the-chase-continues-Photo-0001.jpg,360p
https://media.deepgoretube.site/uploads/2020/12/Man-dies-after-helicopter-propellers-hit-his-head-Photo-0001.jpg,720p
https://media.deepgoretube.site/uploads/2020/12/This-is-true-evil-Photo-0001.jpg,620p
https://media.deepgoretube.site/uploads/2020/12/The-evil-is-here-Photo-0001.jpg,320p
https://media.deepgoretube.site/uploads/2020/12/I-would-have-had-a-heart-attack-right-away-Photo-0001.jpg,720p
https://media.deepgoretube.site/uploads/2020/12/Man-being-punished-with-lashes-for-hitting-his-own-mother-Photo-0001.jpg,320p
https://media.deepgoretube.site/uploads/2020/12/Woman-being-punished-with-forced-haircut-with-baby-on-her-lap-Photo-0001.jpg,640p
https://media.deepgoretube.site/uploads/2020/12/In-Brazil-the-police-shows-that-crime-does-not-pay-Photo-0001.jpg,640p
https://media.deepgoretube.site/uploads/2020/12/Cell-phone-explodes-in-the-face-of-a-man-when-changing-the-battery-in-a-cell-phone-store-Photo-0001.jpg,720p
https://media.deepgoretube.site/uploads/2020/12/Store-owner-reacts-quickly-to-robbery-and-shoots-Photo-0001.jpg,240p
https://media.deepgoretube.site/uploads/2020/12/She-is-so-cute-Photo-0001.jpg,640p
https://media.deepgoretube.site/uploads/2020/12/Mother-and-daughter-narrowly-escape-death-Photo-0001.jpg,420p
https://media.deepgoretube.site/uploads/2020/12/Lesson-number-1-Never-play-in-traffic-Photo-0001.jpg,480p
https://media.deepgoretube.site/uploads/2020/12/How-crazy-why-is-she-doing-this-Photo-0001.jpg,720p
https://media.deepgoretube.site/uploads/2020/12/I-hate-when-it-happens-Photo-0001.jpg,640p
https://media.deepgoretube.site/uploads/2020/12/He-shouldnt-do-that-Photo-0001.jpg,640p
https://media.deepgoretube.site/uploads/2020/12/First-day-at-work-Photo-0001.jpg,420p
https://media.deepgoretube.site/uploads/2020/12/Almost-a-tsunami-Photo-0001.jpg,320p
https://media.deepgoretube.site/uploads/2020/12/Store-clerk-reacts-to-robbery-with-pepper-spray-and-takes-several-stabs-Photo-0001.jpg,480p
https://media.deepgoretube.site/uploads/2020/12/Angry-Chinese-woman-destroy-the-car-of-her-ex-husband-Photo-0005.jpg,640p
https://media.deepgoretube.site/uploads/2020/12/Dont-watch-that-Its-disturbing-Photo-0005.jpg,720p
https://media.deepgoretube.site/uploads/2020/12/Flooding-takes-everything-in-Brazil-2-Photo-0001.jpg,320p
https://media.deepgoretube.site/uploads/2020/12/Flooding-takes-everything-in-Brazil-Photo-0001.jpg,320p
https://media.deepgoretube.site/uploads/2020/12/Woman-beats-her-husbands-lover-until-she-shows-her-breasts-Photo-0001-1.jpg,480p
https://media.deepgoretube.site/uploads/2020/12/Protestants-destroying-power-station-in-Brazil-Photo-0005.jpg,720p
https://media.deepgoretube.site/uploads/2020/11/Armenian-soldier-cutting-throat-of-captured-Azerbaijani-soldier-Photo-0001-1.jpg,
https://media.deepgoretube.site/uploads/2020/11/Man-falls-to-the-death-from-his-own-balloon-Photo-0001-1.jpg,
https://media.deepgoretube.site/uploads/2020/11/Woman-trapped-on-balcony-dies-being-burned-alive-during-fire-Photo-0001-1.jpg,
https://media.deepgoretube.site/uploads/2020/11/Beautiful-woman-all-bloody-beaten-by-a-betrayed-wife-Photo-0001-1.jpg,
https://media.deepgoretube.site/uploads/2020/11/Beautiful-woman-all-bloody-beaten-by-a-betrayed-wife-Photo-0001.jpg,
https://media.deepgoretube.site/uploads/2020/11/Belly-dance-ends-with-shot-in-the-belly-Photo-0005.jpg,360p
https://media.deepgoretube.site/uploads/2020/11/Man-catches-fire-inside-the-elevator-Photo-0001.jpg,
https://media.deepgoretube.site/uploads/2020/11/Man-got-head-shot-in-middle-east-war-Photo-0001.jpg,
https://media.deepgoretube.site/uploads/2020/11/Man-with-baseball-bat-attacks-surfer-on-the-beach-Photo-0001.jpg,
https://media.deepgoretube.site/uploads/2020/11/Woman-gets-what-she-deserves-after-destroying-her-boyfriends-car-Photo-0001.jpg,
https://media.deepgoretube.site/uploads/2020/11/Mans-leg-is-skinless-after-serious-traffic-accident-Photo-0001.jpg,
https://media.deepgoretube.site/uploads/2020/11/Suicide-jumper-loses-his-head-in-suicidal-act-Photo-0001.jpg,
https://media.deepgoretube.site/uploads/2020/11/Old-man-dies-lynched-Photo-0001.jpg,
https://media.deepgoretube.site/uploads/2020/11/Furious-mob-beating-up-alleged-thief-Photo-0001.jpg,
https://media.deepgoretube.site/uploads/2020/11/A-man-sets-fire-to-himself-and-walks-out-in-the-middle-of-the-square-in-Brazil-Photo-0001.jpg,
https://media.deepgoretube.site/uploads/2020/11/Man-walking-next-to-the-bicycle-is-run-over-and-crushed-by-truck-Photo-0001.jpg,
https://media.deepgoretube.site/uploads/2020/11/Strippers-fight-without-clothes-behind-the-scenes-Photo-0001.jpg,
https://media.deepgoretube.site/uploads/2020/11/Restaurant-employee-catches-fire-after-gas-leak-Photo-0001.jpg,
https://media.deepgoretube.site/uploads/2020/11/Fat-woman-being-beaten-by-two-women-in-cowardice-Photo-0001.jpg,
https://media.deepgoretube.site/uploads/2020/11/Husband-beating-wife-for-cell-phone-in-Brazil-Photo-0005.jpg,640p
https://media.deepgoretube.site/uploads/2020/11/Nude-Chinese-mistress-brutally-punished-by-angry-wife-for-cheating-Photo-0001.jpg,
https://media.deepgoretube.site/uploads/2020/11/Father-beats-teen-daughter-for-Tik-Tok-videos-Photo-0001.jpg,
https://media.deepgoretube.site/uploads/2020/11/A-female-police-officer-is-shot-on-board-but-continues-on-until-she-arrests-the-miscreant-Photo-0001.jpg,
https://media.deepgoretube.site/uploads/2020/11/Thief-crushed-by-train-on-the-platform-Photo-0001.jpg,
https://media.deepgoretube.site/uploads/2020/11/Naked-woman-lost-her-head-in-Africa-Photo-0001.jpg,
https://media.deepgoretube.site/uploads/2020/11/A-woman-has-a-cut-throat-and-is-almost-beheaded-by-a-machete-Photo-0001.jpg,
https://media.deepgoretube.site/uploads/2020/11/Young-woman-is-beaten-and-humiliated-by-bad-women-Photo-0001.jpg,
https://media.deepgoretube.site/uploads/2020/11/Woman-being-humiliated-and-tortured-Photo-0001.jpg,
https://media.deepgoretube.site/uploads/2020/11/Woman-being-humiliated-and-tortured-Photo-0001.jpg,
https://media.deepgoretube.site/uploads/2020/11/Woman-being-beaten-humiliated-and-stripped-in-the-middle-of-the-street-Photo-0001.jpg,
https://media.deepgoretube.site/uploads/2020/11/The-devil-puppet_thumb1.jpg,
https://media.deepgoretube.site/uploads/2020/11/Women-fighting-on-the-subway-in-Brazil-Photo-0001.jpg,
https://media.deepgoretube.site/uploads/2020/11/Women-fighting-on-the-street-in-Brazil-Photo-0001.jpg,
https://media.deepgoretube.site/uploads/2020/11/Sexy-women-fighting-in-the-restaurant-Photo-0001.jpg,
https://media.deepgoretube.site/uploads/2020/11/Tunisian-girl-is-humiliated-for-hitting-her-in-the-face-until-she-pisses-on-her-pants-Photo-0001.jpg,
https://media.deepgoretube.site/uploads/2020/10/Woman-being-beheaded-while-receiving-machete-blows-and-stabs-in-the-belly-Photo-0001.jpg,
https://media.deepgoretube.site/uploads/2020/10/Cyclist-gets-run-over-Photo-0001.jpg,
https://media.deepgoretube.site/uploads/2020/10/Body-found-in-an-advanced-state-of-decomposition-Photo-0001.jpg,
https://media.deepgoretube.site/uploads/2020/10/Bizarro-sex_thumb1.jpg,
https://media.deepgoretube.site/uploads/2020/10/Woman-loses-her-legs-in-a-train-accident-in-India_thumb1.jpg,
https://media.deepgoretube.site/uploads/2020/10/Woman-found-mutilated-by-machete-Photo-0001.jpg,
https://media.deepgoretube.site/uploads/2020/10/Man-dies-next-to-woman-after-car-accident-Photo-0001.jpg,
https://media.deepgoretube.site/uploads/2020/10/Biker-burning-after-accident-Photo-0001.jpg,
https://media.deepgoretube.site/uploads/2020/10/Man-being-dismembered-and-having-an-open-belly-alive-very-gruesome-Photo-0001.jpg,
https://media.deepgoretube.site/uploads/2020/10/Women-fighting-makes-another-woman-naked-in-front-of-everyone_thumb1.jpg,
https://media.deepgoretube.site/uploads/2020/10/Man-being-brutally-beheaded-by-extremely-bad-people_thumb1.jpg,
https://media.deepgoretube.site/uploads/2020/10/VID-20201027-WA0002_thumb1.jpg,
https://media.deepgoretube.site/uploads/2020/10/Pedestrian-woman-completely-crushes-and-destroyed-after-bus-passes-overhead-Photo-0001.jpg,
https://media.deepgoretube.site/uploads/2020/10/Man-who-beheaded-a-teacher-in-France-being-killed-by-the-police-Photo-0001.jpg,
https://media.deepgoretube.site/uploads/2020/10/Man-with-worms-inside-the-skull_thumb1.jpg,
https://media.deepgoretube.site/uploads/2020/10/Woman-suffers-serious-motorcycle-accident-in-Brazil-Car-goes-over-her-Photo-0001.jpg,
https://media.deepgoretube.site/uploads/2020/10/Man-is-burned-alive-by-angry-mob-to-pay-for-mistakes-Photo-0001.jpg,
https://media.deepgoretube.site/uploads/2020/10/Man-knocks-out-elderly-man-and-gives-him-several-blows-to-the-head_thumb1.jpg,
https://media.deepgoretube.site/uploads/2020/10/CORPSES-AND-MORE-CORPSES-Photo-0001.jpg,
https://media.deepgoretube.site/uploads/2020/10/What-the-fuck-is-this-shit_thumb1.jpg,
https://media.deepgoretube.site/uploads/2020/10/Brutal-murder-and-bloody-face-Photo-0001.jpg,
https://media.deepgoretube.site/uploads/2020/10/Man-with-cracked-skull-Photo-0001.jpg,
https://media.deepgoretube.site/uploads/2020/10/Woman-being-interrogated-and-beheaded-in-Mexico-Photo-0001.jpg,360p
https://media.deepgoretube.site/uploads/2020/10/Beautiful-woman-suffers-car-accident-and-has-a-dead-body-lifted-from-the-water-Photo-0001.jpg,
https://media.deepgoretube.site/uploads/2020/10/Rude-woman-spits-on-a-passenger-inside-the-bus-and-receives-change-on-the-spot-Photo-0001.jpg,
https://media.deepgoretube.site/uploads/2020/10/Chaos-in-Nigeria-A-cops-head-burned-alive-in-protest-is-shown-as-a-trophy-for-a-bloodthirsty-and-barbaric-crowd-Photo-0001.jpg,
https://media.deepgoretube.site/uploads/2020/10/Chaos-in-Nigeria-Cop-is-burned-alive-and-after-being-turned-into-coal-his-skull-is-open-and-his-brain-is-raised-to-the-skies-Photo-0001.jpg,
https://media.deepgoretube.site/uploads/2022/05/A-burning-alive-woman-is-rescued-from-a-burning-car-by-pedestrians-after-a-serious-accident-in-Brazil-Photo-0001.jpg,480p
https://media.deepgoretube.site/uploads/2022/03/Female-cop-shoots-suspect-in-first-person-view-mode-Photo-0001.jpg,360p
https://media.deepgoretube.site/uploads/2022/03/Killer-rapist-caught-and-beaten-by-angry-mob-Photo-0001.jpg,480p
https://media.deepgoretube.site/uploads/2022/03/African-religious-pastor-in-Ghana-rubs-womens-private-parts-and-bathes-naked-women-in-church-to-heal-them-Photo-0001.jpg,360p
https://media.deepgoretube.site/uploads/2022/03/Woman-stabs-man-repeatedly-on-the-sidewalk-in-broad-daylight-Photo-0001.jpg,360p
https://media.deepgoretube.site/uploads/2022/02/Woman-being-dismembered-alive-by-Cartel-while-screaming-in-pain-Photo-0001.jpg,480p
https://media.deepgoretube.site/uploads/2022/02/Demon-possessed-man-causes-chaos-in-Brazil-Photo-0001.jpg,480p
https://media.deepgoretube.site/uploads/2022/02/Dead-female-PKK-YPG-Photo-0001.jpg,480p
https://media.deepgoretube.site/uploads/2022/02/Woman-victim-of-machete-attack-screaming-in-pain-with-her-face-broken-in-half-Photo-0001.jpg,720p
https://media.deepgoretube.site/uploads/2022/02/Worst-dive-in-the-world-Photo-0001.jpg,480p
https://media.deepgoretube.site/uploads/2022/02/Screw-stuck-in-the-finger-under-the-nail-Photo-0001.jpg,1080p
https://media.deepgoretube.site/uploads/2022/02/Cold-blooded-murder-Photo-0001.jpg,480p
https://media.deepgoretube.site/uploads/2022/02/Pitbull-bites-elderly-woman-on-the-face-Photo-0001.jpg,480p
https://media.deepgoretube.site/uploads/2022/02/Car-dance-ends-incredibly-wrong-Photo-0001.jpg,480p
https://media.deepgoretube.site/uploads/2022/01/Man-faces-the-police-armed-with-a-machete-and-is-tasered-with-glory-Photo-0001.jpg,480p
https://media.deepgoretube.site/uploads/2022/01/Girl-stabs-rival-during-a-fight-Photo-0001.jpg,480p
https://media.deepgoretube.site/uploads/2022/01/Girl-ripping-fat-out-of-her-arm-Photo-0001.jpg,480p
https://media.deepgoretube.site/uploads/2022/01/Azerbaijan-soldiers-execute-Armenia-prisoners-Photo-0001.jpg,480p
https://media.deepgoretube.site/uploads/2022/01/The-worst-exposed-fracture-in-a-traffic-accident-that-Ive-ever-seen-Photo-0001.jpg,480p
https://media.deepgoretube.site/uploads/2022/01/Cartel-female-dismembers-dead-body-with-an-axe-Photo-0001.jpg,480p
https://media.deepgoretube.site/uploads/2022/01/Brutal-execution-of-young-woman-in-Brazil-Photo-0001.jpg,720p
