thumb href,title,desc,details,details 2,details 3,details href,details 4,details href 2,desc href,desc 3
https://efukt.com/23672_Imagine_Doing_this_During_a_Pandemic.html,Imagine Doing this During a Pandemic,"3 years into a viral outbreak and Aiko literally can't curb her addiction to Chili Dogs & Chill. Judging by the video footage, this is both an ethics violation and a crash course on why you diligently vet those profiles on japanesebrides.com.","15,049 views",05/05/22,R18,https://efukt.com/a/r18/,Asians,https://efukt.com/category/asians/,,
https://efukt.com/23678_The_Caught_Compilation_13.html,The Caught Compilation 13,"A special service bulletin for the female viewer(s). Next time you feel like exposing your rotten tator tot to the general public, read a couple chapters of  by Roger Welsch first. Maybe you'll discover something you all lack: sophistication motherfuckers.","374,508 views",05/02/22,Caught Compilations,https://efukt.com/series/caught-compilations-14/,,,https://www.amazon.com/Everything-about-Women-Learned-Tractor/dp/0760311498,
https://efukt.com/23684_REAL_E_Girl_Takes_Fan_s_Virginity.html,REAL: E-Girl Takes Fan's Virginity,One half of MTV's greatest creation hits the fucking SIMP jackpot. She's  and before her IMDB sported titles like  and  she was handing out freebies to genetics most unfortunate specimens. [],"638,761 views",04/28/22,Virgins,https://efukt.com/category/virgins/,,,https://www.pornhub.com/video/search?search=cameron+canela,Don't Break Me Volume 6
https://efukt.com/23683_The_Best_of_Public_Masturbatorz_2022.html,The Best of Public Masturbatorz 2022,": When entering into a partnership, be sure there are signed contractual agreements from both parties before taking action. Otherwise it's just you and that handful of expired meat they keep advertising as the Manager's Special nobody wants to buy.","561,015 views",04/25/22,Public,https://efukt.com/category/public/,,,,
https://efukt.com/23498_Chicken_Nugget_Warzone.html,Chicken Nugget Warzone,"Honestly can't say we've been exposed to this level of repulsive bullshit since the early days of the McRib sandwich. It's not the first time I've eaten bargain bin beef in a McDonald's parking lot, and it certainly won't be the last. I should probably call her.","563,171 views",04/21/22,Pervcity,https://efukt.com/a/pervcity/,Nasty,https://efukt.com/category/nasty/,,
https://efukt.com/23677_Public_Degeneracy_Volume_4.html,Public Degeneracy Volume 4,"Nothing says  like asserting dominance over affordable footwear. Special shoutout to Elon's protege's in the 2nd to last clip. Some go electric to save the planet. Others, to tell oil to fuck off. And then there's Winona Wonderpuss: Who needs to be one faulty sensor away from getting a steering wheel colonoscopy to reach her maximum cum-face. #respect","803,686 views",04/18/22,Public Degeneracy,https://efukt.com/series/public-degeneracy-17/,,,,
https://efukt.com/23664_20_year_old_Sex_Pro_Cant_Anal.html,"20-year-old ""Sex Pro"" Can't Anal","Not old enough to leave Food Lion with a 6-pack of Bud Light, but she's already carrying a body count that would make a frat house blush? You'd think by the semi-centennial cock that went 1v1 with DM-TrainTrackFace she would've learned to fertilize the backyard. But... nope.","702,117 views",04/14/22,Backroom Casting Couch,https://efukt.com/a/backroom-casting-couch/,Anal,https://efukt.com/category/anal/,,
https://efukt.com/23671_Raped_Incel_Goes_on_a_Rampage.html,Raped Incel Goes on a Rampage,"Today we're gonna look back into the history books. Our lesson includes everything from unadulterated violence, more than 5 flavors of that authentic shagged bush and even an appearance from an  from day's past. A man that was taken way too soon.","652,748 views",04/11/22,Vintage,https://efukt.com/category/vintage/,,,https://www.sfweekly.com/culture/heres-to-the-late-spalding-gray-monologist-raconteur-porn-star/,
https://efukt.com/23665_This_is_Legal_in_Japan.html,This is Legal in Japan,"If you're the kind of person that can enjoy peak sigma male behavior, then this is the video for you. I'm talking the kind of blueprint that guy who used to dress up as a latex demon and run into the woods to shove leaves up his ass couldn't follow. (seriously, email me if you remember his name. iykyk) More","776,757 views",04/07/22,LULZ,https://efukt.com/category/lulz/,,,https://www.pornhub.com/model/onanist-take/videos,
https://efukt.com/23666_The_Worst_of_OnlyFanz_IV.html,The Worst of OnlyFanz IV,At this point I'm just respecting the hustle of being able to sell sex without ever being penetrated in front of a camera. Truly a spectacle in it's own right that leaves you trapped between vigorous masturbation or making a donation to the Shia LaBeouf Community College for the Gifted. [] [] [],"798,919 views",04/04/22,Mildly Retarded,https://efukt.com/category/mildly-retarded/,,,https://efukt.com/23123_The_Worst_of_ONLYFANZ.html,PART III
https://efukt.com/23659_Your_ASS_is_Gonna_Learn_Today.html,Your ASS is Gonna Learn Today,"Don't be fooled by the  appearance. She may appear to be innocent, but this is no sex noob. Despite leaking more soft serve than a birthday party at Carvel, she actually did finish the scene.","1,108,166 views",03/31/22,Woodman Casting X,https://efukt.com/a/woodman-casting-x/,Loose,https://efukt.com/category/loose/,,"""i collect exotic toothpastes and I'm saving my g-spot for Sonic the Hedgehog"""
https://efukt.com/23658_Maximum_Overcuck.html,Maximum Overcuck,"What happens when you let your BBC-obsessed husband talk you into the kind of Smackdown WWE would be jealous of? Here's a hint: You end up booking a legendary Iron Man match, but there's no winner.","983,896 views",03/28/22,Cuckold,https://efukt.com/category/cuckold/,,,,
https://efukt.com/23652_South_Americas_Most_Alpha_Male.html,South America's Most Alpha Male,"99.99% of men will never experience this man's life. He's got the negotiating skills of Elon Musk, the aura of a baconator and they've got no other options. It's a sexual combination you never knew you wanted until today.","972,061 views",03/24/22,Cheeseburgerjesus,https://efukt.com/a/cheeseburgerjesus/,Camwhores,https://efukt.com/category/camwhores/,,
https://efukt.com/23653_Bad_Boyfriends_3.html,Bad Boyfriends 3,The upside to being treated like the exhaust pipe of a Chevrolet El Dorado? Literally nothing. All you have to do is breath and the alpha male fantasy fan fiction will magnetize to you like a herpes outbreak at a Playboi Carti concert.,"1,295,359 views",03/21/22,Bad Boyfriends,https://efukt.com/series/bad-boyfriends-20/,,,,
https://efukt.com/23646_Russian_Noob_Cant_Invade_Sex_Industry.html,Russian Noob Can't Invade Sex Industry,"Nope, not even giving you a participation trophy for this one. I've sat through episodes of The Golden Girls with more enthusiasm.  When geriatric sitcoms produce stiffer erections than ur performance, it might be time rethink the whole  thing.","693,488 views",03/17/22,Backroom Casting Couch,https://efukt.com/a/backroom-casting-couch/,Anal,https://efukt.com/category/anal/,,iNdEpeNdenT wOmAn
https://efukt.com/23647_The_Worst_Male_Orgasms_EVER_2.html,The Worst Male Orgasms EVER 2,"Perhaps this can be classified as ""small wiener compensation"". It happens when homebois packing less meat than a vegetarian BBQ get discouraged by their girl's complete lack of excitement. Building a device that scalps your crotch is optional. Oh... you'll see.","845,492 views",03/14/22,Ridiculous Orgasms,https://efukt.com/series/ridiculous-orgasms-12/,,,,
https://efukt.com/23640_How_to_Make_a_Girl_From_Okinawa_Cum.html,How to Make a Girl From Okinawa Cum,"Is it even possible to bring an oriental female to orgasm without the help of Bob Vila's signature series at this point? I don't know what evolutionary timeline they're living in over there, I can promise you this road only leads to an addiction to Newport cigarettes and a whole lot of apologies.","509,368 views",03/10/22,R18,https://efukt.com/a/r18/,Asians,https://efukt.com/category/asians/,,
https://efukt.com/23641_CAMTASTROPHES_3.html,CAMTASTROPHES #3,Kinda want to emphasize those gravity bags reaching maximum velocity around the  minute mark. Jell-o has spent over 100 years trying to market physics like this and have failed miserably in comparison. Turns out all you need is a 1-bedroom apartment in Latvia and a c-section scar to make math fun again.,"916,503 views",03/07/22,Chaturbate,https://efukt.com/a/chaturbate/,CAMTASTROPHES,https://efukt.com/series/camtastrophes-19/,,
https://efukt.com/23634_Cum_Haters_Anonymous_5.html,Cum Haters Anonymous 5,"Do I even need to release a service bulletin at this point? Ladies; Next time you feel like , put in about 18 seconds of research and MaNiFeSt what you're about to get into. Maybe then you'll discover something you all lack -  motherfuckers.","824,412 views",03/03/22,Cum Haters,https://efukt.com/series/cum-haters-2/,,,,exploring your options
https://efukt.com/23635_Return_of_the_Fucking_King.html,Return of the Fucking King,"Not since the Olsen twins eating disorders have I seen such misuse of a white girl's digestive system. Side note: Flattery isn't exactly my strong point, but I gotta admit: This man's organic reactions are A+ material. I'd gladly start a movement to see him as the next great WWE Champion. #believedat","1,029,866 views",02/28/22,Black Pay Back,https://efukt.com/a/black-pay-back/,LULZ,https://efukt.com/category/lulz/,,
https://efukt.com/23629_Incredible_Acts_Depraved_Humans.html,"Incredible Acts, Depraved Humans",After making it to the end of this one you may want to set some boundaries on your future sexual curiosities. Either that or just start fucking the neighbor's lawn mower in between trimmings because it's a lot easier to explain than this.,"1,427,734 views",02/24/22,WTF,https://efukt.com/category/wtf/,,,,
https://efukt.com/23630_Permission_to_Destroy.html,Permission to Destroy,has a long list of do's and a virtually non-existent list of do-nots. Now somebody get this future hall of famer the urban dictionary definition of  ASAP so we can fight over who gets to marry her first.,"1,041,540 views",02/21/22,Hoby Buchanon,https://efukt.com/a/hoby-buchanon/,Loose,https://efukt.com/category/loose/,https://www.pornhub.com/pornstar/lexi-grey,Alabama Hot Pocket
https://efukt.com/23623_The_Caught_Compilation_12.html,The Caught Compilation 12,"This is what happens when you allow incels to explore live environments. Safe spaces are invaded, genitals get exposed - all because some guy who thinks Ethereum will be the world's currency couldn't get his weiner wet at the last box social and is now living a revenge fantasy.","1,376,794 views",02/17/22,Caught Compilations,https://efukt.com/series/caught-compilations-14/,,,,
https://efukt.com/23624_This_is_What_Prostitution_Really_Looks_Like.html,This is What Prostitution Really Looks Like,"Turns out fertilizing your own family tree isn't the only extra curricular activity people practice in Frogballs, Arkansas. Just don't be misled by The Rat King's lack of hygiene; Your respect for the modern day alpha male begins here and now.","1,336,949 views",02/14/22,Hookers,https://efukt.com/category/hookers/,,,,
https://efukt.com/23616_Philanthropy_isnt_Dead.html,Philanthropy isn't Dead,"I'm not even phased by empty-calorie diet plan Okinawa constantly subjects me to anymore. What really twists my biscuits is the lack of followup to these videos. idk what monster this T-Virus will turn them into, but we probably don't have enough ammo to kill them.","778,118 views",02/10/22,R18,https://efukt.com/a/r18/,Asians,https://efukt.com/category/asians/,,
https://efukt.com/23618_Shit_Pornstars_Say_5.html,Shit Pornstars Say 5,Brittanya Razavi channels her inner Gordon Ramsay. Kagney Linn Carter puts herself on a list. Pierre Woodman blurs the language barrier for the 900th time this year. And Amai Liu... Well... let's just say we finally have a real threat for Jake Paul. #bookit,"1,049,901 views",02/07/22,Shit Pornstars Say,https://efukt.com/series/shit-pornstars-say-18/,,,,
https://efukt.com/23610_The_Real_Effects_of_Sexual_Deprivation.html,The Real Effects of Sexual Deprivation,"Some of these cinnamon twist fuck chickens are kind of impressive. While most men will claim to inhale the caramel frappuccinos out of a 7/10 girl's shit basket just to say they were in the same room as them, these pioneers actually take action. This is the true duality of man.","534,902 views",02/03/22,Exhibition,https://efukt.com/category/exhibition/,,,,
https://efukt.com/23609_Broken_by_Bukkake.html,Broken by Bukkake,"Pretty much a public service announcement on the importance of knowing your limits before inking a deal. Some live to tell the tale. Others, are memed for life. But all have an abnormally intimate relationship with Newport cigarettes and Klonopin before the age of 25.","1,212,981 views",01/31/22,Premium Bukkake,https://efukt.com/a/premium-bukkake/,Fail,https://efukt.com/category/fail/,,
https://efukt.com/23603_Desperate_Times_Desperate_Measures.html,"Desperate Times, Desperate Measures",,"564,844 views",01/27/22,LULZ,https://efukt.com/category/lulz/,,,,"""We make a living by what we get. We make a life by what we give."" - Winston Churchill"
https://efukt.com/23597_Middle_Aged_Woman_Terrorizes_Locals.html,Middle-Aged Woman Terrorizes Locals,"Were you also gifted the sexual prowess of a polar bear on methamphetamines at birth? Well that only leaves 1 path for you to take in life. So if you share  disposition, consider alternatives to Tinder. I'm thinking Farmersonly, without the farmers. Feel me?","942,379 views",01/24/22,Public,https://efukt.com/category/public/,,,https://fancentro.com/hopeinpublic/clips,
https://efukt.com/23602_The_Hardest_Working_Girl_on_Chaturbate.html,The Hardest Working Girl on Chaturbate,"Dare venture beyond the realm of myfreecams and you're bound to open a door to the insane asylum known as . The only way out is being left with the kind of irreparable confusion felt by someone making it to the end credits of a movie with the words ""Tyler Perry"" in the title.","1,023,609 views",01/20/22,Chaturbate,https://efukt.com/a/chaturbate/,Mildly Retarded,https://efukt.com/category/mildly-retarded/,,
https://efukt.com/23596_Public_Degeneracy_Volume_3.html,Public Degeneracy Volume 3,"Today's edition is chock full of bladder busters, flagrant neighbor abuse and whatever that vegan dinner special was at the end. But what really activated my garbanzo bean is the length some of these fucking gargoyles are willing to go. Take notes ladies: It's this kind of work ethic that transforms you from super  to super .","1,073,524 views",01/17/22,Siswet19,https://efukt.com/a/siswet19/,Public Degeneracy,https://efukt.com/series/public-degeneracy-17/,,
https://efukt.com/23591_Bad_Times_at_Lings_Massage_Parlor.html,Bad Times at Ling's Massage Parlor,"See that rush of fear around the 3:00 mark? That's the kind of reaction second only to a man that has miscalculated his maximum capacity for P.F. Changs Orange Chicken in a public venue. And I think that's something we can all relate to. L, OH, fuckin L","1,174,582 views",01/13/22,Asians,https://efukt.com/category/asians/,,,,
https://efukt.com/23590_How_to_End_a_Pornstars_Career.html,How to End a Pornstar's Career,"The infamous scene that would ultimately end the Tour de Anus otherwise known as Jessie Roger's run as a pornstar. Her body would suffer more abuse than an uncooked piece of beef in front of Gordon Ramsay... but was it rly enough to force early retirement? u tell me, bruh.","1,464,284 views",01/10/22,Hardcore Gangbang,https://efukt.com/a/hardcore-gangbang/,Crazy,https://efukt.com/category/crazy/,,
https://efukt.com/23585_Raw_Leftovers.html,Raw Leftovers,"For my Japanese-deficient friends, the original title of this masterpiece roughly translates to:  Do I believe more than 3% of those words? No. But honesty never got in between me and my cum sock before, and it isn't about to start now.","664,629 views",01/06/22,R18,https://efukt.com/a/r18/,The Absurdity of Japanese Pornography,https://efukt.com/series/the-absurdity-of-japanese-pornography-9/,,"""Nana Maeno Refrigerator Girl I Put My Step Sister In The Refrigerator And Turned Her Into A Frozen Sex Toy Nana"""
https://efukt.com/23572_Cheap_Whores_and_Dinosaurs.html,Cheap Whores and Dinosaurs,"You can brag about your male pattern baldness all you want homeboy. But if you're not turning all vaginas within a 3 mile distance into your own personal bowl of Hungry Jack Mashed Potatoes, are you even living the Costanza?","798,530 views",01/03/22,Putalocura,https://efukt.com/a/putalocura/,Nasty,https://efukt.com/category/nasty/,,
https://efukt.com/23580_Unacceptable_Devices.html,Unacceptable Devices,Consider this a 4 minute tutorial on why you should always stay away from those folks that consider a $50.00 Mernard's gift card a form of foreplay. Remember Norman Vincent's words:,"1,457,252 views",12/30/21,Queen Snake,https://efukt.com/a/queen-snake/,WTF,https://efukt.com/category/wtf/,,"“Always shoot for the moon. Even if you miss, you'll still land among the hepatitis."""
https://efukt.com/23579_Awkward_Moments_in_Porn_11.html,Awkward Moments in Porn 11,"Turns out 67,000 incestuous storyline porn videos lied to us after all. Dare to make contact with your bloodline after the sun goes down in rural Alabama, and one of these clips just might be the Tales From the Crypt Halloween Special you walk in on.","1,054,487 views",12/27/21,Devil's Film,https://efukt.com/a/devil-s-film/,Awkward Moments In Porn,https://efukt.com/series/awkward-moments-in-porn-6/,,
https://efukt.com/23571_Delivered_in_30_Seconds_or_Less.html,Delivered in 30 Seconds or Less,More,"1,012,224 views",12/23/21,TheMagicMuffin,https://efukt.com/a/themagicmuffin/,Amateur,https://efukt.com/category/amateur/,https://efukt.com/a/themagicmuffin/,
https://efukt.com/23565_The_Caught_Compilation_11.html,The Caught Compilation 11,If this year has taught me anything at all; it's that cabin fever has driven desperate people to the edge. Especially the ones that are no stranger to Walmart gift cards and live on streets that are named after presidents. 2022 is gonna be lit ya'll.,"1,574,876 views",12/21/21,Caught Compilations,https://efukt.com/series/caught-compilations-14/,,,,
https://efukt.com/23566_REAL_Mother_Joins_Daughters_First_Scene.html,REAL: Mother Joins Daughter's First Scene,"As fate would have it, not even a pandemic can slow down a girl's quest for Internet notoriety and Instagram followers. But as for the image we see in the final minute of this scene? I think we just reinforced a sanitizing routine beyond Covid.","1,289,784 views",12/16/21,Ghetto Gaggers,https://efukt.com/a/ghetto-gaggers/,Incest,https://efukt.com/category/incest/,,
https://efukt.com/23559_The_Loneliest_Mother_Fucker_on_Pornhub.html,The Loneliest Mother Fucker on Pornhub,"Hello, FBI? Yeah,  right here.","617,598 views",12/13/21,Virgins,https://efukt.com/category/virgins/,,,https://www.pornhub.com/model/mattie-james,
https://efukt.com/23578_CAMTASTROPHES_2.html,CAMTASTROPHES #2,"You don't have to be a tier-3 to experience this kind of homemade hysteria. Just zero in on the girls that are sexually attracted to Amibos and the yoinked ""donations"" will flow in faster than you can complain about them on Twitter. []","1,074,674 views",12/09/21,Chaturbate,https://efukt.com/a/chaturbate/,CAMTASTROPHES,https://efukt.com/series/camtastrophes-19/,https://efukt.com/23443_CAMTASTROPHES.html,
https://efukt.com/23549_How_My_Parents_Discovered_my_Porn_Career.html,How My Parents Discovered my Porn Career,Women nowadays are too scared to coast through a Starbux drivethru without glazing their faces in 20 minute Youtube makeup tutorials. And then there's this girl... who has clearly run out of fucks to give somewhere between the 4th and 900th backyard family BBQ.,"855,744 views",12/06/21,Ghetto Gaggers,https://efukt.com/a/ghetto-gaggers/,Busted!,https://efukt.com/category/busted/,,
https://efukt.com/23554_The_Saddest_Penis_in_Japan.html,The Saddest Penis in Japan,"Speculation time: Virginal? Medical condition? The mating ritual of the Monarch Middle-aged Edokko? We may never know the real answer, but one thing is certain: His speed-running ability would earn front page access on Twitch. No questions asked.","697,376 views",12/02/21,Asians,https://efukt.com/category/asians/,,,,
https://efukt.com/23555_Return_of_the_Dumbest_Cunt_in_Porn.html,Return of the Dumbest Cunt in Porn,"This one is for the homies that asked me  who looks like Sarah Palin crossbreed her with a gerbil? As fate would have it, not even a pandemic slowed down her quest for hating cum on a budget. Yikes and might I add, gadzooks.","1,180,636 views",11/29/21,Bang.com,https://efukt.com/a/bang-com/,LULZ,https://efukt.com/category/lulz/,https://efukt.com/2409_21379_The_Dumbest_Cunt_In_Porn.html,
https://efukt.com/23542_Fearless_Acts_of_Public_Masturbation.html,Fearless Acts of Public Masturbation,: Some participate for the camaraderie. Others are hell bent on racking up enough restraining orders to make Charlie Sheen blush. I unironically expect Moscow's tourism to go up 37% after the release of this video.,"946,163 views",11/25/21,Exhibition,https://efukt.com/category/exhibition/,,,,
https://efukt.com/23548_ILLEGAL_in_194_Countries.html,ILLEGAL in 194 Countries,Want hard proof that humans are still all about charity? Look no further friendos. This scumcunt offers some locals the ultimate handout: A free reminder to get yourself STD tested next time you go reaching for those frozen Reese's Cups. You can find her new profile .,"1,538,151 views",11/22/21,WTF,https://efukt.com/category/wtf/,,,https://www.mydirtyhobby.com/profil/90747872-SteffiBlond,
https://efukt.com/23537_Porn_isnt_For_Everyone.html,Porn isn't For Everyone,Ever seen a semi-professional cocksmith go from curiosity to disgusted this fast before?  is pretty good at hiding it but lemme tell you... it's all fun and games until you're face-to-nutsack with a man that considers bratwurst one of the 5 staples of the food pyramid. Can't blame her tbh.,"1,133,812 views",11/18/21,Facial Abuse,https://efukt.com/a/facial-abuse/,Crazy,https://efukt.com/category/crazy/,https://twitter.com/felicityxfeline?lang=en,
https://efukt.com/23541_Depth_Defying_Moments.html,Depth Defying Moments,The  will be the breaking point for some of you. Is it real? Will you ever look at BFG Division the same again? Did I free throw one into the sink at Starbucks from the foul line because their stall was locked off this morning? All these questions have the same answer.,"1,372,295 views",11/15/21,Roxy Raye,https://efukt.com/a/roxy-raye/,Anal,https://efukt.com/category/anal/,,
https://efukt.com/23523_The_40_000_Cock_Job.html,"The $40,000 Cock Job","Let me tell ya something champ: I've seen some loathsome shit in my day: Tijuana farm hopping, suggestive photos of Rosie O'Donnell, and whatever that Ghostbusters reboot was. But  This made me boil a pot of chamomile tea and tell my dick a bedtime story.","783,193 views",11/11/21,Gallery,https://efukt.com/category/gallery/,,,https://old.reddit.com/r/casualiama/comments/ovunri/i_have_a_hole_in_my_penis_ask_me_anything/,OP
https://efukt.com/23530_The_Worst_of_the_Worst_of_OnlyFanz.html,The Worst of the Worst of OnlyFanz,Tripling down on a sub-culture that has defied all odds and normalized paying for content less interesting than giving Betty White 15 unsupervised minutes with a lawn sprinkler. These hype machines never seem to deliver. But the ones that come up really short? These might get a nut or 5 out of you. [] [],"1,831,120 views",11/08/21,Fail,https://efukt.com/category/fail/,,,https://efukt.com/23123_The_Worst_of_ONLYFANZ.html,
https://efukt.com/23536_Public_Degeneracy_Volume_2.html,Public Degeneracy Volume 2,"Today we learn three crucial things, so grab your colored pencils and pay attention: #1: Voyeurism is alive and well #2: Sexual misconduct is always negotiable. And #3: Lifetime bans from Macy's aren't a big deal. Lets get it.","1,998,386 views",11/04/21,Public Degeneracy,https://efukt.com/series/public-degeneracy-17/,,,,
https://efukt.com/23525_Elena_Koshka_Overloaded.html,Elena Koshka Overloaded,"Symptom #67 that you've graduated from pornstar to full blown drama queen: 3 pumps from Manuel Ferrara's ham hog makes her tap out faster than the Frank Shamrock/Kevin Jackson fight (look it up). Like my reaction after hearing Oprah Winfrey wants to run for president, you can literally see fear in her eyes.","1,310,864 views",11/01/21,Manuel Ferrara,https://efukt.com/a/manuel-ferrara/,Fail,https://efukt.com/category/fail/,,
https://efukt.com/23518_Painful_Moments_in_Anal_Sex.html,Painful Moments in Anal Sex,It's that time again. The blurring of that line between majoring at a community college and female independence as illustrated by a sex act that's lead to more adult diapers than In n' Out's Animal Style. Never before has adult entertainment made me proud of the reward points I earned shopping exclusively at Walgreens.,"1,154,560 views",10/28/21,Anal,https://efukt.com/category/anal/,,,,
https://efukt.com/23524_Blame_it_on_the_BBC.html,Blame it on the BBC,"I guess this is what happens when your Netflix and Chill night turns into a solo adventure and you start organizing the ""Foreign Girls That Like WuTang"" sub-folder in your NUT directory. I don't know, I see more reasons you shouldn't cornhole wild life thanks to her constant deer-in-headlights reaction than I do sitcom legends. Thoughts?","1,147,733 views",10/25/21,Mildly Retarded,https://efukt.com/category/mildly-retarded/,,,,
https://efukt.com/23517_ULTRAGASMS.html,ULTRAGASMS,"Feast your eyes on a collection of o-faces so outlandish, it would be impossible to get a nut off in public without being caught. Especially if they are a distance shooter. Chances are they'll let loose near an active bus stop and catch one of the locals in the crossfire. It's called  and I'm still paying the price for it to this day.","1,629,334 views",10/21/21,Kink.com,https://efukt.com/a/kink-com/,LULZ,https://efukt.com/category/lulz/,,"""The Cuban Waterslide"""
https://efukt.com/23512_The_Cum_MASTER.html,The Cum MASTER,Real? Deceptive editing? The Goku of premature ejaculation? I don't have the answer this time. But just imagine if he went even further with this talent. Plan-B's entire industry would need emergency funding.,"1,382,700 views",10/18/21,THESTARTOFUS,https://efukt.com/a/thestartofus/,Orgasms,https://efukt.com/category/orgasms/,,
https://efukt.com/23506_The_Very_Best_of_Public_Masturbatorz.html,The Very Best of Public Masturbatorz,Short of being an extra on Rocco's Tour of a Retirement Village (coming 2035) - I'm not sure how this talent comes in handy. Never knowing the feels of a consensual relationship maybe? An existence without having to shop for birthday gifts... maybe that's the life for me after-all.,"1,366,109 views",10/14/21,Public,https://efukt.com/category/public/,,,,
https://efukt.com/23511_The_Worst_Casting_Couch_Video_Ever.html,The Worst Casting Couch Video Ever,"The downside to dating a girl with the self-awareness of a TikTok investor? Literally nothing. Not even an unannounced visit to vegemite valley is enough to send her running. Either we have a cold-blooded liar on our hands, or that pudding hatch is spring-loaded.","1,126,335 views",10/11/21,Backroom Casting Couch,https://efukt.com/a/backroom-casting-couch/,Anal,https://efukt.com/category/anal/,,
https://efukt.com/23505_Educating_an_18_year_old_Rookie.html,Educating an 18-year-old Rookie,"Take a culture that considers Rick and Morty comedy, crossbreed them with an addiction to street drugs and this is the result. a.k.a top tier pussy slaying material in the world of Joey-P. Don't agree? Leave feedback on [] and prove it.","1,339,865 views",10/07/21,JoePusher.com,https://efukt.com/a/joepusher-com/,Fail,https://efukt.com/category/fail/,https://www.amazon.com/Pusher-Picture-Featuring-Brooks-Collection-ebook/dp/B00ILDQFKC,
https://efukt.com/23504_11_Inches_vs_Teenage_Butthole.html,11 Inches vs. Teenage Butthole,"There's something truly endearing about a girl that takes the Secret of the Ooze Super Shredder of BBCs, then double downs on being a stable human being. Her talents scream .","1,324,716 views",10/04/21,Dogfart,https://efukt.com/a/dogfart/,Anal,https://efukt.com/category/anal/,,"""3 more months of practice and my asshole will out-perform any South American footlocker"""
https://efukt.com/23487_Awkward_Moments_in_Gangbanging.html,Awkward Moments in Gangbanging,What is the last bodily fluid you want to see halfway into a twin-sister green beaning? If your answer has anything to do with Teavana's seasonal flavors - you're only halfway there. But points are on the board. #gag,"1,395,642 views",09/30/21,Gonzo.com,https://efukt.com/a/gonzo-com/,Nasty,https://efukt.com/category/nasty/,,
https://efukt.com/23499_1500LBS_OF_REGRET.html,1500LBS OF REGRET,Unwritten Rule #276 of porn: Dare to accept a  and there's no turning back. I'm talking the kind of irreparable disappointment felt only by someone making it to the end credits of 2020's hit film  starring Nicolas Cage and whatever is left of this chick's labia.,"1,186,308 views",09/27/21,Queen Snake,https://efukt.com/a/queen-snake/,Extreme,https://efukt.com/category/extreme/,https://efukt.com/a/queen-snake/,Jiu Jitsu
https://efukt.com/23493_UNFORGIVABLE_II.html,UNFORGIVABLE II,Just what in the Tennessee family reunion inside a Denny's handicapped bathroom stall is going the fuck on here? So many questions come to mind. Is she actually blind? Are they really related? Did this Panama Jack fuckgoof  onto his channel after wiping his profile clean?,"1,375,147 views",09/23/21,WTF,https://efukt.com/category/wtf/,,,https://www.xvideos.com/video65443453/unforgivable_ii,
https://efukt.com/23492_The_Caught_Compilation_10.html,The Caught Compilation 10,"If your social skank score is measured by the amount of times your bare ass has been caught on CCTV, I'd say these highway hoebags are sitting somewhere between  and  Now,","1,330,470 views",09/20/21,Caught Compilations,https://efukt.com/series/caught-compilations-14/,,,https://efukt.com/series/caught-compilations-14/,"""Code Orange"""
https://efukt.com/23482_The_Best_Experience_of_My_Life.html,"""The Best Experience of My Life""","I'll leave you with some wisdom my acquaintance at Panda Express bestowed upon me: Never underestimate a woman's will to feed. She may have the phenotype of a New Jersey soccer mom... but when the adrenaline hits, watch the fuck out.","1,408,169 views",09/16/21,Rocco Siffredi,https://efukt.com/a/rocco-siffredi/,Breakdowns,https://efukt.com/series/breakdowns-8/,,
https://efukt.com/23486_Dismantling_an_80lb_Pornstar.html,Dismantling an 80lb Pornstar,This girl might as well be the Napoleon Dynamite of fetish videos. (read: perfection). Doesn't even need to be penetrated. Just watching life flash before her eyes in between each fault line cracking was enough to keep my Fruit of the Looms soggy.,"1,286,106 views",09/13/21,LULZ,https://efukt.com/category/lulz/,,,,
https://efukt.com/23475_When_Cheaters_Win.html,When Cheaters Win,"Say hello to your new role model. His half-cocked baguette has seen more trauma than a Chicago emergency room, yet he's able to completely 180 the loyalty of one of the most bangin girls on the planet. Guess that old saying is true: Don't judge a book until it's deposited $250 into your bank account.","1,397,438 views",09/09/21,Woodman Casting X,https://efukt.com/a/woodman-casting-x/,Busted!,https://efukt.com/category/busted/,,
https://efukt.com/23481_A_New_Level_of_Racism.html,A New Level of Racism,Not since accidentally walking into an unlocked Vietnamese restaurant bathroom at 2:00AM have I seen such disrespect for the lower half of an oriental female. And just like the rest of the Internet watching this - I am disgusted now. And 30 minutes from now.,"1,393,720 views",09/06/21,Bangbros,https://efukt.com/a/bangbros/,Asians,https://efukt.com/category/asians/,,
https://efukt.com/23469_The_Single_Worst_Invention_of_All_Time.html,The Single Worst Invention of All Time,Today's female is too nervous to upload a 13 second video without more filters than Monterey Bay Aquarium . Then... there's this queen. Who has clearly run out of fucks to give somewhere between the 9th and 400th Denny's Super Slam breakfast special. Order now.,"615,915 views",09/02/21,Brat Princess,https://efukt.com/a/brat-princess/,WTF,https://efukt.com/category/wtf/,,
https://efukt.com/23464_Dirty_Rotten_Piece_of_Shit_Whore.html,Dirty Rotten Piece of Shit Whore,,"860,152 views",08/30/21,Anal Lick Fest,https://efukt.com/a/anal-lick-fest/,Nasty,https://efukt.com/category/nasty/,,"♫ I got a pocket, got a pocketful of sunshine  ♫ I got a love and I know that it's all mine, oh, oh-oh  ♫ Do what you want but you're never gonna break me  ♫ Sticks and stones are never gonna shake me, oh, oh-oh"
https://efukt.com/23470_Proof_that_Money_Can_Buy_ANYTHING.html,Proof that Money Can Buy ANYTHING,There's just no hiding from your past once you pull the trigger on something like this. Their Ross Store wardrobes will be forever stained. The regret can't be washed off. And the $27 paycheck isn't enough to drink the memories away. #rankhatherapist,"1,676,969 views",08/26/21,Amateur CFNM,https://efukt.com/a/amateur-cfnm/,Big Dicks,https://efukt.com/category/big-dicks/,,t
https://efukt.com/23462_Cum_Haters_2021.html,Cum Haters 2021,"Semen sociopaths play their Blue-Eyed White Self-Harm cards in attack mode. The end result? A 4 minute tutorial of what  to do when you finally get the leading role of an independent movie. 10/10 reactions tho, would fap again.","1,239,319 views",08/23/21,Premium Bukkake,https://efukt.com/a/premium-bukkake/,Cum Haters,https://efukt.com/series/cum-haters-2/,,
https://efukt.com/23451_Daddys_Little_Psychopath.html,Daddy's Little Psychopath,"Ya know for a girl that's spent this much time in tattoo parlors, you'd think a forehead big enough for UBER to charge $17 to go from nose to scalp would get a little bit more attention. Then again, something tells me rational thinking isn't one of the tenants of someone who writes ""when I fuck i dont give a fuck"" 6 inches away from their shitter.","1,135,151 views",08/19/21,Gonzo.com,https://efukt.com/a/gonzo-com/,Crazy,https://efukt.com/category/crazy/,,
https://efukt.com/23463_19_year_old_On_the_Spectrum.html,19-year-old On the Spectrum,I'm just gonna go ahead and consider this a PSA for folks that might actually come across a misfit like her on Tinder: . Your insurance plan simply isn't robust enough to cover the other direction.,"1,137,597 views",08/16/21,Facial Abuse,https://efukt.com/a/facial-abuse/,Mildly Retarded,https://efukt.com/category/mildly-retarded/,,
https://efukt.com/23456_Public_Degeneracy_Volume_1.html,Public Degeneracy Volume 1,"More than a baker's dozen worth of mentally-ill fueled societal taboos so unprecedented, you'll have to rethink your entire post-Delta variant plans for next summer. Don't be fooled by some of the smiles on these faces; Everybody was harmed during the making of this video.","1,667,679 views",08/12/21,Public Degeneracy,https://efukt.com/series/public-degeneracy-17/,,,,
https://efukt.com/23457_Literally_Fucked_Until_She_Cant_Walk.html,Literally Fucked Until She Can't Walk,"First-timer foolishly assumes her debut appearance is going to be a walk in the park. Emphases on the word , because it looks like all her future tours of Italy at Olive Garden are going to be wheelchair accessible from this point forward. What in the fuck...","1,497,486 views",08/09/21,Backroom Casting Couch,https://efukt.com/a/backroom-casting-couch/,Anal,https://efukt.com/category/anal/,,walk
https://efukt.com/23445_MAXIMUM_CAPACITY.html,MAXIMUM CAPACITY,"Legs shackled, anxiety peaked and literally almost dying in front of 2 guys that consider Bratwurst an essential food group. No, this isn't the night I was conceived... but something tells me both incidents involve a hospital bill that still remains unpaid to this day.","1,065,157 views",08/05/21,Real Time Bondage,https://efukt.com/a/real-time-bondage/,Crazy,https://efukt.com/category/crazy/,,
https://efukt.com/23450_The_Discomfort_Zone.html,The Discomfort Zone,You know the deal: It's the height of the pandemic and funds are circling the drain. So you hit up the local videographers and offer your services to the highest bidder. I_CUM_HELLMANS hits up your DM's on Reddit and now the smell never washes off. GG NO RE,"1,707,822 views",08/02/21,HeavyOnHotties,https://efukt.com/a/heavyonhotties/,Fail,https://efukt.com/category/fail/,,
https://efukt.com/23443_CAMTASTROPHES_1.html,CAMTASTROPHES #1,This is all but guaranteed to exterminate any story you've been led to believe that everyone in the webcam community is living life on easy mode. Snap back to reality with 5 disasters even FEMA won't pick up your phone calls for.,"1,889,399 views",07/29/21,Chaturbate,https://efukt.com/a/chaturbate/,CAMTASTROPHES,https://efukt.com/series/camtastrophes-19/,,
https://efukt.com/23442_The_Greatest_Live_Stream_Trainwreck_Ever_2.html,The Greatest Live Stream Trainwreck Ever 2,"The time has come for the followup of a story that will be told in the Internet history books. So strap in and prepare to have your yamaka blown the fuck off, cause we're going on a trip that involves domestic abuse, race rage white supremacy and about 937 reasons not to get married. []","1,339,756 views",07/26/21,Jewelrancid,https://efukt.com/a/jewelrancid/,Crazy,https://efukt.com/category/crazy/,https://efukt.com/23262_The_Greatest_Live_Stream_Trainwreck_Ever.html,
https://efukt.com/23441_Jimmy_the_Virgin_Becomes_a_Man.html,Jimmy the Virgin Becomes a Man,"Just what in the fucking Doogie Howser, M.D. are we witnessing here? I'd give him the big W for going the distance... but no amount of THOT slaying in the world is going to change the unfortunate genetic make up of that boogie board he calls a body. Congrats?","1,289,091 views",07/21/21,Bangbros,https://efukt.com/a/bangbros/,Virgins,https://efukt.com/category/virgins/,,
https://efukt.com/23428_Advanced_Sex_Moves_2021.html,Advanced Sex Moves 2021,"I'm all for testing boundaries, but caution should be advised if you want to attempt any of these yourself. Tip: When testing those Special Team plays you saw online, it's best to practice first. PROOF: The $4500 bill I have for buying .","1,032,287 views",07/19/21,LULZ,https://efukt.com/category/lulz/,,,https://www.2oceansvibe.com/2015/12/02/internet-outrage-at-kylie-jenners-sex-doll-wheelchair-images/,
https://efukt.com/23425_The_DeVIRGINIZER.html,The DeVIRGINIZER,"What's that old saying again? If a mint condition cornhole exists, Pierre Woodman will abuse it more than a penalty shot kicker from England? Unlike Snaggletooth McButtfuck over here, those three lads can sit down on a hard surface for the next month without consequence.","1,834,205 views",07/12/21,Woodman Casting X,https://efukt.com/a/woodman-casting-x/,Anal,https://efukt.com/category/anal/,,
https://efukt.com/23426_Safe_Sex_FAIL.html,Safe Sex FAIL,"Gloryhole rookie ""Emma"" unequivocally accepts defeat after Stewart's Magnum XL ventures into deeper waters. In other words: The flex went wrong HAHA","1,438,345 views",07/09/21,Gloryhole Swallow,https://efukt.com/a/gloryhole-swallow/,Fail,https://efukt.com/category/fail/,,
https://efukt.com/23424_Lana_Rhoade_s_Biggest_Regret.html,Lana Rhoade's Biggest Regret,"Contrary to appearance, leading role in the 2017 cornhole apocalypse was not her specialty. Now that she's retired, you could say her talents were more wasted than season 5 of The Walking Dead. Regrets are temporary. Mike Tyson uppercutting your sphincter in the 3rd round is forever.","1,278,798 views",07/05/21,Painal,https://efukt.com/category/painal/,,,,
https://efukt.com/23415_Amazing_Feats_of_Amateur_Porn.html,Amazing Feats of Amateur Porn,"There are 2 kinds of people in this world: Those who respect the human bodies maximum pounds-per-square inch tolerance, and those who do not. Guess which one is getting featured today?  They've never had a flat tire in their life.","1,225,276 views",06/25/21,Amateur,https://efukt.com/category/amateur/,,,,
https://efukt.com/23410_The_Caught_Compilation_9.html,The Caught Compilation 9,"Nothing says ""the pandemic is over"" quite like the uptick in girls increasing their social skank rank by taking their 1-man-band act on the road. Nearly 13 displays of attention-whoring so unprecedented, you'll schedule an STD test just for watching it.","2,054,075 views",06/20/21,Caught Compilations,https://efukt.com/series/caught-compilations-14/,,,,
https://efukt.com/23404_So_You_Want_to_be_a_Pornstar.html,So... You Want to be a Pornstar?,"Her body was a solid 6, and had less miles on it than an electric car at Stone Cold Steve Austin's cattle ranch - so just wat in the fuck was she thinking? And more importantly, what popular","1,662,551 views",06/13/21,VincentVegaOff,https://efukt.com/a/vincentvegaoff/,LULZ,https://efukt.com/category/lulz/,https://www.youtube.com/watch?v=2XE5DgShq4A,
https://efukt.com/23398_Okinawa_Breakfast.html,Okinawa Breakfast,"And yes, it's Keto.","727,181 views",06/05/21,Asians,https://efukt.com/category/asians/,,,,
https://efukt.com/23394_Sound_Cloud_Rapper_vs_Anal_Sex.html,Sound Cloud Rapper vs. Anal Sex,"The reality of having less musical talent than an asthmatic hedgehog must have hit her like a  and she needed clout, badly. How can life get any worse you ask? Well... I'll let searches for ""how do you stitch a butthole"" answer that.","1,365,435 views",05/31/21,Backroom Casting Couch,https://efukt.com/a/backroom-casting-couch/,Anal,https://efukt.com/category/anal/,https://efukt.com/21174_How_To_Have_Cyber_Sex!.html,
https://efukt.com/23389_Priceless_Escort_Experience.html,Priceless Escort Experience,Hoe Chi Minh's first time at the fish market goes sour after realizing he should have spent the extra $20 at eros.com before dartboarding the bargain bin. Her defense for smelling like a Portuguese outhouse? LIterally nothing. She carries on like this is part of the . I fucking laughed.,"1,332,122 views",05/24/21,Amateur,https://efukt.com/category/amateur/,,,,girlfriend experience
https://efukt.com/23384_A_Crash_Course_in_BBC.html,A Crash Course in BBC,"If the west side of Chicago had it's own edition of Rosetta Stone, I imagine it would look something like this. Undoubtedly the most abuse I've seen an Italian take since  lmao.","1,631,995 views",05/17/21,Rocco Siffredi,https://efukt.com/a/rocco-siffredi/,Anal,https://efukt.com/category/anal/,https://efukt.com/22034_Awkward_Girl_Sucks_at_Porn.html,
https://efukt.com/23378_Traumatizing_Moments_in_Amateur_Porn.html,Traumatizing Moments in Amateur Porn,"More than enough reasons (see: 1) to never . Somewhere between the beef bazooka blowouts and frantically Google searching "" you'll lose that last shred of dignity Dr. Phil is always screeching about.","1,655,742 views",05/10/21,LULZ,https://efukt.com/category/lulz/,,,,"""try that thing i saw on the Internet with my girlfriend"""
https://efukt.com/23374_The_Truth_Behind_Girls_Gone_Wild.html,The Truth Behind Girls Gone Wild,": Anyone that's had a TV on after 1:00AM between the years 1997 and 2003 are still trying to get this fucking theme song out of their heads. : Doug ""hobgoblin"" Stanhope had the approachability of post-nut clarity . I demand a reboot.","1,501,234 views",05/04/21,Documentary,https://efukt.com/category/documentary/,,,https://imgur.com/a/s12rMII,
https://efukt.com/23370_Curing_Sexual_Harassment.html,Curing Sexual Harassment,The unwritten rules east Asian pervert punishment? #1: Follow the dress code at all times #2: Stay hydrated and (most importantly) #3: Outdo WWE's last pay-per-view in both outfit design and dynamic movesets. I'd say our employee of the month is 3 for 3.,"763,573 views",04/28/21,R18,https://efukt.com/a/r18/,Asians,https://efukt.com/category/asians/,,
https://efukt.com/23366_Educating_a_Glory_Hole_Rookie.html,Educating a Glory Hole Rookie,"Professional cuck-enabler  takes a mouth-first dive into new territory; only to end up filming what may very well be the first ""moment I changed teams"" ever caught on video. For some strange reason, they  right after this.","2,119,474 views",04/22/21,Gloryhole,https://efukt.com/category/gloryhole/,,,https://twitter.com/mariah_leonne,
https://efukt.com/23361_How_to_Survive_a_Gangbang.html,How to Survive a Gangbang,The downside of crossbreeding  with an industry that considers rectal depth as a measuring stick for paycheck tiers? Every dude within the city boundaries will be socializing your cornhole like it's Chinese healthcare. : I decided to see what Sativa was up to nowadays... and... well...,"2,101,778 views",04/16/21,Anal,https://efukt.com/category/anal/,,,https://twitter.com/rose_sativa/status/1088789620169560066,compassion
https://efukt.com/23354_Buggin_Out.html,Buggin' Out,I'm no expert in carrying on sexual relationships with something dirtier than Howard Stern's astroglide surprise... but I do know a thing or two about self-medication: And lady - you can't blame this one on the pharmaceuticals.,"1,162,814 views",04/08/21,Queen Snake,https://efukt.com/a/queen-snake/,Amateur,https://efukt.com/category/amateur/,,
https://efukt.com/23350_The_Absolute_WORST_of_OnlyFanz.html,The Absolute WORST of OnlyFanz,"Round 2 for the most depraved, fatherless clout-chasers on the Internet as we know it today today. I'm talking about real deal independent women here. The kind that pay for their birth control with subscriber money. []","2,399,049 views",04/02/21,LULZ,https://efukt.com/category/lulz/,,,https://efukt.com/23123_The_Worst_of_ONLYFANZ.html,
https://efukt.com/23346_Awkward_Moments_in_Porn_10.html,Awkward Moments in Porn 10,"It's r/cringetopia levels of situations like this that really make adult filmography great again. If it wasn't for stellar performances like the ones you're about to witness, we would never know what it's like to live in West Virginia without having to marry out cousins first.","1,809,058 views",03/25/21,Awkward Moments In Porn,https://efukt.com/series/awkward-moments-in-porn-6/,,,,
https://efukt.com/23339_Cumming_On_Dead_Girls.html,Cumming On Dead Girls,Some will say this is in awful taste or porn of dead girls is weird and maybe they're right but this is like any other athlete or artist memorial montage. A cautionary tribute to the dead rockstars of porn. RIP. 24/7 support for all industry performers.,"1,881,187 views",03/16/21,Documentary,https://efukt.com/category/documentary/,,,,
https://efukt.com/23334_Incest_is_Everywhere.html,Incest is Everywhere,"Here it is: Martin Scorsese of Japanese  porn. My thoughts? Guillermo del Toro and his production company have some catching up to do. I don't know wtf I just watched but personally, I think he should find a way to cast the Olsen twins in the sequel and let the tapioca fly.","1,921,982 views",03/10/21,R18,https://efukt.com/a/r18/,Asians,https://efukt.com/category/asians/,,what are you doing step-bro?
https://efukt.com/23330_The_Truth_About_Marylin_Manson.html,The Truth About Marylin Manson,"""I drank the coke out of my mom's douchebag"" - MM","847,395 views",03/03/21,Famous,https://efukt.com/category/famous/,,,,
https://efukt.com/23324_Beatdown_at_the_Beaver_Bidet.html,Beatdown at the Beaver Bidet,: Allowing any part of your body to find it's way in between a fully-enraged Tory Lane and a device that was designed to un-crust last night's Pinto Bean Soufflé isn't a constructive use of your time. You stand about as much chance of going home unscathed as a WSB does being profitable.,"1,146,152 views",02/26/21,Crazy,https://efukt.com/category/crazy/,,,,
https://efukt.com/23319_Societal_Decay_Episode_2.html,Societal Decay Episode 2,"Round #2 in a series that showcases the authentic side of some of our most interesting citizens. I'm not exactly sure what life choices have to be made to end up here, but it probably has something to do with blue checkmarks and whatever they put in those Impossible burgers.","1,607,215 views",02/18/21,LULZ,https://efukt.com/category/lulz/,,,,
https://efukt.com/23311_The_Dangers_of_Webcamming.html,The Dangers of Webcamming,It's kinda refreshing to know the cam-clam game has stayed relevant amongst the rise of OnlyFans popularity. Never forget the O.G. sex workers that paved the way via 56k modem bitrate and school libraries. Now let's go ahead and get these ladies under contract for the next Ghostbusters reboot. I smell Oscars.,"1,346,064 views",02/07/21,Camwhores,https://efukt.com/category/camwhores/,,,,
https://efukt.com/23306_My_Mom_My_Virginity.html,"My Mom, My Virginity","You know what you get when you cast a guy that looks like he still gets the crust cut off his peanut butter and banana sandwiches? Believability mother fucker, that's what. Remove the Bangbros logo and scatter a few Star Wars Amibos in the background and I would have defended it's authenticity until the end of time.","1,328,253 views",02/01/21,Bangbros,https://efukt.com/a/bangbros/,Incest,https://efukt.com/category/incest/,,
https://efukt.com/23301_Incel_Uprising_at_the_Maid_Cafe.html,Incel Uprising at the Maid Cafe,"Don't let the Twitch staff wardrobe and lack of muscle fiber fool you: This army of limp-wristed, mouth-breathing fun-seekers have reached their breaking point and shit just hit the  water-cooled RTX 3080. Consider this a warning to all women that can fit in a rowboat.","1,341,548 views",01/25/21,R18,https://efukt.com/a/r18/,Asians,https://efukt.com/category/asians/,,
https://efukt.com/23297_Double_Anal_Downfall.html,Double Anal Downfall,It's like the girl with the super hip mom that totally supports her daughter getting ring-blasted by guys named after sports cars got a pep talk and couldn't wait to bring it on the grid iron. Then gets jobbed out like the 2008 Detroit Lions. A Karen of the Kum world if you will. TY for listening to my cunTED talk.,"1,495,269 views",01/18/21,Anal,https://efukt.com/category/anal/,,,,
https://efukt.com/23285_A_Crossover_You_Never_Knew_You_Wanted.html,A Crossover You Never Knew You Wanted,"Lemme tell ya somethin' brother - This level of misogyny is the worst there is, the worst there was and the worst there ever will be. WOO! It's a throat-ridin, food-flyin, becky-squealin, wheelin dealin son of a gun, and he's fixin to open up a whole can of whoop-ass on caucasian cornholes. And that's the bottom line cause Stone Cold Ray Black said so.","2,715,094 views",01/04/21,Black Pay Back,https://efukt.com/a/black-pay-back/,Anal,https://efukt.com/category/anal/,,
https://efukt.com/23280_Cum_Hater_vs_Gangbang.html,Cum Hater vs. Gangbang,"Much like Tyler Perry going 30 seconds without filming a Medea movie, you can literally see the rage in this chick's eyes. Emphasis on the 0:34 mark with the realization that the $17.50 she just made will barely cover the Clearasil bill.","1,562,323 views",12/29/20,German Goo Girls,https://efukt.com/a/german-goo-girls/,Cum Haters,https://efukt.com/series/cum-haters-2/,,
https://efukt.com/23275_The_Real_Face_of_Incest.html,The Real Face of Incest,": This is a different kind of disturbing than you're used to. Call it a divergence for this site, but sometimes you have to see the authentic side of something the industry as a whole parodies every day... and this interview proves it. []","1,498,644 views",12/22/20,Incest,https://efukt.com/category/incest/,,,https://www.youtube.com/watch?v=JBGa8nHblBA,
https://efukt.com/23271_Moms_Secret_Recipe.html,Mom's Secret Recipe,"The Rectum: Some men never experience contact with it. Others, speed-run it like a 3:00AM trip through the Burger King drive-thru. But judging by this specimen's cornhole pastaroni, I think it's a safe bet she follows Gordon Ramsay on TikTok. Happy Fuckin Holiday(s).","1,225,010 views",12/15/20,Anal Acrobats,https://efukt.com/a/anal-acrobats/,Anal,https://efukt.com/category/anal/,,
https://efukt.com/23266_The_Unluckiest_Guy_in_Russia.html,The Unluckiest Guy in Russia,"You know that feeling: When it's 0600 hours, the sun is shining, and you find yourself 4-inches deep inside the only girl that believed your story about using the same plumber as Zac Efron. In other words: Perfection. That is, unless Lucya ""The Wolverine"" Chernyshevsky is leader of the neighborhood watch.","1,537,400 views",12/08/20,Public,https://efukt.com/category/public/,,,,
https://efukt.com/23262_The_Greatest_Live_Stream_Trainwreck_Ever.html,The Greatest Live Stream Trainwreck Ever,"Over the course of 15 years, I've tried saving the word  for oddities that truly work for the definition. And let me tell you friends: If an emotional beat down of a daddy-issued ketamine-lifer doesn't earn it, the 4-inch race-rampage in the final act will lol.","2,249,256 views",12/01/20,Jewelrancid,https://efukt.com/a/jewelrancid/,Crazy,https://efukt.com/category/crazy/,,
https://efukt.com/23256_Horrendous_Hookers.html,Horrendous Hookers,The downside of trying to get your nut off on a $7 dollar budget? This. Every fucking second of this video is why you should always save 10% of your sheckles and wait to splurge outside of the Black Friday Mental Hospital Manager's Special of expired street meat. #yick,"1,846,521 views",11/24/20,Hookers,https://efukt.com/category/hookers/,,,,
https://efukt.com/23252_The_Girlfriend_Experience.html,The Girlfriend Experience,"And by , I mean one man blowing up his beer money on the kind of sexual endeavor that would shell shock a Vietnam war veteran. Speaking of blowing up: The only thing missing from that slaughter house between her legs is someone in the background screaming  and Floyd Mayweather coming out of retirement to fight it.","1,793,884 views",11/18/20,Horror Porn,https://efukt.com/a/horror-porn/,Loose,https://efukt.com/category/loose/,,experience
https://efukt.com/23247_Tear_Jerkers.html,Tear Jerkers,"Every girl has a breaking point. Apparently Ashley Lane's is the highest percentage   ointment money can buy. There's no  but the line ""guys are masturbating to your tears"" is the kind of memory that lasts a lifetime.","2,180,553 views",11/12/20,Real Time Bondage,https://efukt.com/a/real-time-bondage/,LULZ,https://efukt.com/category/lulz/,https://efukt.com/20842_Derpy_Derp_Orgasmo_Girl.html,cap·sa·i·cin / an active component of chili peppers; a chemical irritant /
https://efukt.com/23243_You_Mother_Fucker.html,You Mother Fucker,"Imagine reaching a point in your life where incest fantasies just aren't doing it for you anymore, so you unleash an even deeper mental illness and create some sort of hybrid, cabbage patch, mother-daughter serial killer, fuck dance home videos and think not hiding your identity is a good idea. This is that point.","1,403,379 views",11/07/20,Bizarre,https://efukt.com/category/bizarre/,,,,
https://efukt.com/23238_Generation_WHY.html,Generation WHY,"Well boys, it's that time again. You know what I mean - The blurring of that line between  and  as illustrated by a group of guys that consider the Ford F-150 a luxury vehicle. Never before has adult entertainment made me proud of the reward points I earned shopping exclusively at Walmart.","2,146,797 views",10/29/20,Facial Abuse,https://efukt.com/a/facial-abuse/,LULZ,https://efukt.com/category/lulz/,,4 year liberal arts degree
https://efukt.com/23234_The_Future_of_Fucking.html,The Future of Fucking,"One country's quest for sexual satisfaction reaches it's peak, courtesy of a build-a-bear workshop for egg-drop rice boxes. It's hard to turn a blind eye to this actually being possible in 2020, but make sure this technology never makes it's way to Florida and you got yourself an investor.","1,188,981 views",10/23/20,Asians,https://efukt.com/category/asians/,,,,
https://efukt.com/23229_Stewarts_Guide_to_Anal_Sex.html,Stewart's Guide to Anal Sex,,"1,975,245 views",10/18/20,Anal,https://efukt.com/category/anal/,,,,Sociopaths are called psychopaths but there are differences. Psychopathy can be thought of as a more severe form of sociopathy with more defined symptoms. All psychopaths are sociopaths but sociopaths are not always psychopaths.
https://efukt.com/23223_Shit_Pornstars_Say_4.html,Shit Pornstars Say 4,"I imagine this is what happens when all of your knowledge of the English language comes from Pizza Hut commercials and TikTok. In fact, I may have just uncovered a form of communication so useless that California colleges might start offering 4-year degrees in it.","1,480,410 views",10/13/20,Shit Pornstars Say,https://efukt.com/series/shit-pornstars-say-18/,,,,
https://efukt.com/23220_Sasha_Grey_is_a_Racist.html,Sasha Grey is a Racist,"Not the first time I've seen a girl that got me through those awkward high school years trying to erase her past, but it might be the most indisputable. Silly goose, you can't just replace us with Twitch simps and expect us to forget lol","1,818,542 views",10/07/20,Amateur,https://efukt.com/category/amateur/,,,,
https://efukt.com/23216_Societal_Decay_Episode_1.html,Societal Decay Episode 1,"Classic cases of unbridled overconfidence. If only these creatures put as much effort into velcroing their crotches shut in public, as they did into experimenting with pain medications: Then maybe these permanent marks on their resumes could have been avoided. Yikes and gadzooks.","1,634,597 views",10/01/20,LULZ,https://efukt.com/category/lulz/,,,,
https://efukt.com/23211_Cumming_on_Strangers.html,Cumming on Strangers,Meet Melody: A 33% shareholder in the trio of Italian incest freaks known as . Apparently in between marathoning episodes of Metaloclypse and getting death threats for wiping their genitals all over public property - they actively participate in community service. #getamop,"1,456,313 views",09/25/20,Teen,https://efukt.com/category/teen/,,,https://www.pornhub.com/model/dollscult,
https://efukt.com/23207_Modern_Day_Greek_Tragedy.html,Modern Day Greek Tragedy,"Meme Porn: Sometimes it's about as exciting as an audio book of Ted Cruz customizing a value meal at Burger King. But throw in a guy with 2 moms, pay him in dollar-store pastries -- and suddenly you've got more fapping hours than you'll know what to do with.","1,280,088 views",09/19/20,Amputee,https://efukt.com/category/amputee/,,,,
https://efukt.com/23200_Shit_Pornstars_Say_3.html,Shit Pornstars Say 3,"I don't know which ANTIFA rally that last girl ditched to shoot this scene, but her hygiene makes about as much sense as the 43,000 volts she pretends are running through her labia every time a guy named Ranjeete slaps down 50 Rupees on her ""PubLiC cUmShOWs"" ala Chaturbate.","1,360,017 views",09/11/20,Shit Pornstars Say,https://efukt.com/series/shit-pornstars-say-18/,,,,
https://efukt.com/23195_Covid_100.html,Covid-100,"If there's one thing that never fails to flat-line a hardon - It's how far Japan is willing to go gate keep the title of . So here's one that won't be getting beat any time this decade. Reddit gags, I laugh, You bookmark.","1,246,858 views",09/05/20,R18,https://efukt.com/a/r18/,Asians,https://efukt.com/category/asians/,,Commander of Repulsive Sex Acts
https://efukt.com/23190_RE_Redefining_Premature_Ejaculation.html,RE-Redefining Premature Ejaculation,"It took 10 years, but we finally have a worthy rival for . Technically our American contender lasted longer, but his performance wasn't exactly as well-received lolol","2,166,247 views",08/31/20,Premature,https://efukt.com/category/premature/,,,https://efukt.com/20808_WOW_-_Redefining_Premature_Ejaculation.html,
https://efukt.com/23187_Aftershock.html,Aftershock,"Show me a woman that puts this much emotion into her goose hole jabberwocky, and I'll show you the kind of 90-Day Fiance episodes actually worth watching. Now somebody knock down a retaining wall so big Ed can get his neck through the door, and lets start the sequel.","2,347,022 views",08/26/20,LULZ,https://efukt.com/category/lulz/,,,,
https://efukt.com/23181_The_Biggest_Cuck_on_Earth_Part_2.html,The Biggest Cuck on Earth Part 2,[] Here it is. A live demonstration of what may be the very first evidence that sexually transmitted diseases are a conspiracy. Freddie Mercury: I'm going to get you the justice you deserve.,"351,221 views",08/20/20,Cuckold,https://efukt.com/category/cuckold/,,,https://efukt.com/23180_The_Biggest_Cuck_on_Earth_Part_1.html,
https://efukt.com/23180_The_Biggest_Cuck_on_Earth_Part_1.html,The Biggest Cuck on Earth Part 1,"Don't let the dollar store Botox and short circuiting while trying to multiply 2 numbers together fool you: This 1-wife circus act has paved a new way for women across the the globe. Such as illustrated by her  body count of 5-fucking-THOUSAND dicks entering her grease trap, sometimes without as much as a Summer's Breeze minge-rinse in-between victims. Make sure you watch .","2,155,831 views",08/18/20,Cuckold,https://efukt.com/category/cuckold/,,,https://efukt.com/23181_The_Biggest_Cuck_on_Earth_Part_2.html,conservative
https://efukt.com/23172_VIRGIN_vs_PORNSTARS.html,VIRGIN vs PORNSTARS,Bangbros hosts a college party of pornstars and one attendee turns out to be an 18 year old virgin. Can this young incel overcome some gay adversity to finally lose his virginity to two pornstars?,"2,441,888 views",08/10/20,Bangbros,https://efukt.com/a/bangbros/,Virgins,https://efukt.com/category/virgins/,,
https://efukt.com/23169_Aunt_Opal_and_The_Pnut_Butter_Virgin.html,Aunt Opal and The Pnut Butter Virgin,"A teenager confesses his first sexual experience. Based on a true story about a peanut butter sandwich, the dangers of masturbating, and how Aunt Opal made her nephew a man. A man with issues needing life long therapy, but a man none the less.","1,064,955 views",08/05/20,Vintage,https://efukt.com/category/vintage/,,,,
https://efukt.com/23165_The_Deal_Breaker.html,The Deal Breaker,"Classic case of overconfidence. If only he put as much effort into his hygiene as she did into Walmart bathrooms she choose to get tattooed in, then maybe this permanent mark on his resume could have been avoided. Live, learn and always wipe twice.","1,481,640 views",07/31/20,Fail,https://efukt.com/category/fail/,,,,
https://efukt.com/23161_How_Legends_are_Made.html,How Legends are Made,"The one and only  aka The O.G. Wzard of the Teflon Rectum. Her anal acrobatics set such a standard in the renaissance days of underground porn, you'd almost forget she used her vag recreationally. But in 1998... something magical happened...","1,410,868 views",07/25/20,Extreme,https://efukt.com/category/extreme/,,,https://www.instagram.com/therealjasminstclaire,
https://efukt.com/23156_TITZILLA_QUEEN_OF_CAMWHORES.html,TITZILLA: QUEEN OF CAMWHORES,"I don't know what the fuck this thing is, but I'm pretty sure it's sentient and has enough work done to require an oil change every 3000 miles. Further proof that Elon Musk is the future.","902,060 views",07/18/20,Modifications,https://efukt.com/category/modifications/,,,,
https://efukt.com/23151_Guys_Only_Want_1_Thing.html,Guys Only Want 1 Thing,I dunno man... this seems like a pretty predictable outcome to me. Shes got the tolerance of silicon carbide and the prick practicing Macho Man's entire moveset is more annoying than a checkmarked Twitter account. Permanent damage should be expected.,"2,308,733 views",07/09/20,Bang.com,https://efukt.com/a/bang-com/,Documentary,https://efukt.com/category/documentary/,,
https://efukt.com/23146_Ginger_Banks_Sex_Offended.html,Ginger Banks: Sex Offended,"Today we raise the question: ""Is Ginger Banks a sexual assault victim or is she a repeat sex offender? Maybe both? Maybe neither? 50/50?"" It's 2020 and we can't think for ourselves, so it's up to cancel culture to decide. []","1,272,239 views",06/30/20,EvilAngel,https://efukt.com/a/evilangel/,Groped,https://efukt.com/category/groped/,https://www.change.org/p/pornhub-stop-allowing-public-masturbators-to-profit-off-sex-crimes,
https://efukt.com/23137_The_Caught_Compilation_8.html,The Caught Compilation 8,"Today's lessons: Little Dicky is a literal name (4:21), Tourism is still alive and well (0:11) and statistically speaking, this is the least likely way to acquire an STD in public. Trust me, I've seen 3 full episodes of House M.D.","2,784,978 views",06/25/20,Caught Compilations,https://efukt.com/series/caught-compilations-14/,,,,
https://efukt.com/23132_WRONG_HOLEZ_2020.html,WRONG HOLEZ: 2020,"It took years, but we finally have another worthy entry for the museum of unintentional rectal breaching. I'm talkin 3.5 nonstop minutes of backdoor bruising that white people should only experience inside the CHAZ zone. Only difference is the people in this video actually put meat inside their bodies lol.","3,259,878 views",06/19/20,Wrong Holes,https://efukt.com/series/wrong-holes-15/,,,,
https://efukt.com/23128_Semen_Terrorists.html,Semen Terrorists,"Pornhub users  describe themselves as ""a creative young couple who are open to everything new"". Which is a strange way to phrase fucking in changing rooms to wipe cum on varied clothing products and putting them back on the rack.","1,716,029 views",06/13/20,Nasty,https://efukt.com/category/nasty/,,,https://www.pornhub.com/model/eleo_and_mish,
https://efukt.com/23123_The_Worst_of_OnlyFanz.html,The Worst of OnlyFanz,": Some sign up to get a girl through hard times. Others are forced after capitulating an attempt to pay prostitutes in Wendy's coupons. They all start off good, but much like me during Terminator Dark Fate, it only takes 27 seconds to realize you just wasted your money.","2,573,555 views",06/07/20,Camwhores,https://efukt.com/category/camwhores/,,,,
https://efukt.com/23118_The_Punching_Bag.html,The Punching Bag,"I think her first mistake was swiping right inside a Walmart. That kind of risk taking can only translate into one thing: ""your 17 inches of combo wieners doesn't phase me, please man up and turn my kidneys into a box of Idaho spud's classic mashed potatoes"". Invitation .","2,371,164 views",06/01/20,Amateur,https://efukt.com/category/amateur/,,,,
https://efukt.com/23113_Porno_Zombie_Rape_Apocalypse.html,Porno Zombie Rape Apocalypse,Dead men rise from grave to start fuck by any means. Can YOU stop zombie? Watch whole porn movie clip before decide. WARNING FOR CHILDREN: gunshots and cumshots with Zomb13. Watch @ own sufferings.,"1,850,579 views",05/23/20,Horror Porn,https://efukt.com/a/horror-porn/,Crazy,https://efukt.com/category/crazy/,,
https://efukt.com/23108_Swinger_Virgin_has_Second_Thots.html,"Swinger Virgin has ""Second Thots""",To truly appreciate this one you have to understand it's completely legit. This isn't just any old deviant pretending to get crotch lice at the carnival. And it may very well be the first documented swinger cuckolding. In other words: The only way Pavol is getting pussy juice on his face today is if he starts crying.,"3,208,315 views",05/17/20,CzechCOUPLES,https://efukt.com/a/czechcouples/,LULZ,https://efukt.com/category/lulz/,,
https://efukt.com/23103_Cute_and_Disabled.html,Cute and Disabled,Meet the Helen Keller of casual sex. At first I was like ... and then I realized this is 100% legit and should be in the first chapter of every sign language program in the country. Hit me up Rosetta Stone.,"2,274,427 views",05/12/20,Exploited Teens,https://efukt.com/a/exploited-teens/,Teen,https://efukt.com/category/teen/,,"cool, another fake video I'm exposing my White Snake loincloth too"
https://efukt.com/23097_DID_I_HURT_U.html,DID I HURT U?,The average Becky wouldn't be caught in a Burger King drivethru at night without marathoning 20 minutes of YouTube makeup tutorials. And then there's this powerhouse: Who ran out of fucks to give somewhere between the 3rd and 4th lung surgery.,"2,319,425 views",05/07/20,Amateur Throats,https://efukt.com/a/amateur-throats/,LULZ,https://efukt.com/category/lulz/,,
https://efukt.com/23094_Pet_Ownership_Gone_Wrong.html,Pet Ownership Gone Wrong,"1 part Disney movie, 2 parts Carole Baskins. That was the plan up until Zazu used all of his Rosetta Stone credits on the Jack Sparrow of punani tsunamis. The result is an unexpected comedy duo, the likes of Seth Rogan would be hired to voice-over in the theatrical release. Why are the most important discoveries in life accidental?","1,687,171 views",05/02/20,Camwhores,https://efukt.com/category/camwhores/,,,,
https://efukt.com/23090_Death_to_America.html,"""Death to America""",This is . And what once was thought to be a single piss-poor decision has blossomed into a pattern of serious mental dysfunction. Her gimmick is basically r/politics except she actually makes money while posting. #GAG,"954,968 views",04/26/20,Mildly Retarded,https://efukt.com/category/mildly-retarded/,,,https://www.manyvids.com/Profile/212855/Goddess-Siham/Store/Videos/,
https://efukt.com/23085_The_OFFICIAL_Queen_of_Weeaboos.html,The OFFICIAL Queen of Weeaboos,"Apologies to all the competition out there:  not only locked down the entire Mountain Dew demographic, but she's done it with such precision I'm actually impressed. Enjoy your participation trophy nerds.","1,656,581 views",04/20/20,Camwhores,https://efukt.com/category/camwhores/,,,https://www.pornhub.com/model/pieallthetime,pieallthetime
https://efukt.com/23082_Dont_Try_this_At_Home.html,Don't Try this At Home,"No, seriously . Every once in a while pornography life overlaps into real life lessons. Let's just be glad this learning experience was made possible without the assistance of Czechoslovakian accents, and a petting zoo. You don't want to see the things I've seen man.","1,529,687 views",04/15/20,Bizarre,https://efukt.com/category/bizarre/,,,,
https://efukt.com/23077_Rocco_the_Limit_Breaker.html,Rocco the Limit Breaker,"Imagine challenging a man that has more performance trophies for his  than you do for participating in mimosa day at Becky's Brunchonette and expecting to come out on top. Lady, there's only one person to blame here - and it's not the one who has the accent of a second-string Simpsons character.","2,709,423 views",04/09/20,Rocco Siffredi,https://efukt.com/a/rocco-siffredi/,Anal,https://efukt.com/category/anal/,,penis
https://efukt.com/23068_Awkward_Moments_in_Porn_9.html,Awkward Moments in Porn 9,"Homing in on the 10-clip anniversary of offensive sexual acts among a global pandemic, and yet I remain hopeful. I mean hopeful that people in quarantine will continue to produce more reprehensible content than a Harvey Weinstein video library, not the Covid stuff - we're fucked. Like the guy in the first clip: Fap until it goes dark.","2,536,805 views",03/27/20,Awkward Moments In Porn,https://efukt.com/series/awkward-moments-in-porn-6/,,,,
https://efukt.com/23065_CELEBRITIES_REACT_CORONA_VIRUS.html,CELEBRITIES REACT: CORONA VIRUS,Today's spread: a.) Famous fucktwats trying to cope with lack of attention b.) Historical tone deaf unawareness c.) Whatever final form Madonna has decided to mutate into. In other words - Three things to make your quarantine just a little bit worse.,"1,360,099 views",03/24/20,Famous,https://efukt.com/category/famous/,,,,
https://efukt.com/23061_The_French_Tickler.html,The French Tickler,"I proudly present ""La Magique Buco Culo"" or ""The Magic Butt Hole. This feat of pure sphincter talent took years of blood, sweat and tears all culminating to this moment. Captured on webcam and entered into the historical archives for your enjoyment.","1,331,698 views",03/21/20,Prolapse,https://efukt.com/category/prolapse/,,,,
https://efukt.com/23055_Cum_Haters_2020.html,Cum Haters 2020,"It's that time of year again. When degenerate girls jacked to the tits in daddy issues insist on  but end up frail, fucked and forgotten. Not since the days of blindly acquiring porn ala 5600 baud Limewire have I come across a female with such anti-seminal fortitude.","1,758,335 views",03/13/20,Cum Haters,https://efukt.com/series/cum-haters-2/,,,,doing it for tha gram
https://efukt.com/23050_Steven_Spielbergs_Daughter_Finds_Her_Calling.html,Steven Spielberg's Daughter Finds Her Calling,"The mentally ill adopted daughter of billionaire Steven Spielberg wants to be financially independent. So, what does any strong empowered independent female do in 2020? Make an onlyfans account. []","1,415,498 views",03/07/20,Famous,https://efukt.com/category/famous/,,,https://www.mirror.co.uk/3am/celebrity-news/steven-spielberg-embarrassed-daughter-mikaelas-21561306,
https://efukt.com/23045_Just_Japanese_Things.html,Just Japanese Things,An all-minority female cast ultimately leading to me losing faith in life itself? You can go ahead and file this under . And Bill Murray can't save you this time.,"1,328,305 views",02/29/20,R18,https://efukt.com/a/r18/,Asians,https://efukt.com/category/asians/,,The 2016 Ghostbusters Reboot of Porn
https://efukt.com/23040_Energy_Drinks_and_Alien_Sex.html,Energy Drinks and Alien Sex,"A caffeine addicted, amateur paranormal scientist returns home after an experiment to make contact with beings outside of earth has presumably failed.","1,308,593 views",02/21/20,Pure Taboo,https://efukt.com/a/pure-taboo/,LULZ,https://efukt.com/category/lulz/,,
https://efukt.com/23039_Incest_Porn_Worthy_of_an_Oscar.html,Incest Porn Worthy of an Oscar,Say hello to your new idol. He's a recent graduate from the WWE school of acting for the mentally challenged and still manages to pull more suburban MILF poon then a 4-starred gynecologist on YELP. This particular desperate housewife is a prime example of why you should always .,"2,343,907 views",02/14/20,Bare Back Studios,https://efukt.com/a/bare-back-studios/,Incest,https://efukt.com/category/incest/,https://media.giphy.com/media/9fn7ogiJHmYG4/giphy.gif,
https://efukt.com/23030_Cucked_to_Tears.html,Cucked to Tears,"First time I've seen a wife rental video where the girl and her hired gun are left more humiliated than the husband. 7 1/2 inches of New Orlean's finest essentially left them completely mute, save for some sobbing that is usually reserved for the customer service desk at Lululemon. Hilarious.","2,967,904 views",02/07/20,Cuckold,https://efukt.com/category/cuckold/,,,,
https://efukt.com/23026_Pornhubs_Biggest_Deviant.html,Pornhub's Biggest Deviant,That's it man. As far as I'm concerned vegans have officially jumped the plant-based shark. Not even at the height of one of my patented Acid Trip + Red Lobster Biscuit wombo combo benders did I envision something as despicable as this going behind a paywall.,"2,125,537 views",02/03/20,Amateur,https://efukt.com/category/amateur/,,,,
https://efukt.com/23022_Camgirl_of_the_Decade.html,Camgirl of the Decade,"It's been 14 years of Efukt, so trust me when I say I know talent when I see it. Meet . A girl that has cultivated a  Chaturbate followers by using her asshole to inhale anything without a birth certificate. I'm talking the Kirby of butt stuff and there's no fucking end in sight.","1,699,690 views",01/29/20,Siswet19,https://efukt.com/a/siswet19/,Camwhores,https://efukt.com/category/camwhores/,https://efukt.com/a/siswet19/,
https://efukt.com/23018_The_Best_of_Public_Fappers_2.html,The Best of Public Fappers 2,Here it is. Round 2 in what is arguably the most offensive thing you can do in public besides mothershipping the handicap stall at Baskin Robbins. But unlike those shit gremlins - these titans of societal norms actually film the entire thing.,"2,822,425 views",01/24/20,Public,https://efukt.com/category/public/,,,,
https://efukt.com/23012_The_5_Most_Awful_Scenes_of_2020.html,The 5 Most Awful Scenes of 2020,"Guys coming up short, Increasing Japan's tourism, Why not to go organic, Offending white college students and Incredible acts of self-reliance. This compilation covers more bases than Harvey Weinstein during a 3-day trip to the Bahamas.","1,671,959 views",01/17/20,LULZ,https://efukt.com/category/lulz/,,,,
https://efukt.com/23008_Part_Teacher_Part_Sex_Offender.html,"Part Teacher, Part Sex Offender","A girl with 2 first names doing trailer park things and the footage coming back to bite her in the cornhole. Around these parts we call this phenomenon ""Monday Afternoon"". But for Mary Beth Haglin, she's gonna need another 90 days to think about a sequel lol.","2,712,315 views",01/10/20,NebraskaCoeds,https://efukt.com/a/nebraskacoeds/,Documentary,https://efukt.com/category/documentary/,,
https://efukt.com/23003_Bad_Glory_Hole_Etiquette.html,Bad Glory Hole Etiquette,7 samples into a hot dog warming party goes horribly wrong when one rogue cowboy says  to the rules and slings his gentleman juice around like he's in the handicap stall at Country Buffet. The result is a crash course on Plan-B and why IQ tests need to be mandatory in porn. [],"2,286,028 views",01/05/20,Gloryhole Swallow,https://efukt.com/a/gloryhole-swallow/,Gloryhole,https://efukt.com/category/gloryhole/,https://www.pornhub.com/channels/glory-hole-swallow,fuck all
https://efukt.com/22997_Awkward_Moments_in_Porn_8.html,Awkward Moments in Porn 8,"A special ""BRUH"" moment for clip #4. I honestly haven't seen a woman that concerned since I test ran the floor units in Home Depot's toilet bowl section after White Castle started selling their burgers by the hundreds. Let's just say I'm not allowed to improve my house again until 2027. TAKE IT AWAY .","2,470,184 views",12/28/19,Awkward Moments In Porn,https://efukt.com/series/awkward-moments-in-porn-6/,,,https://www.youtube.com/watch?v=7czKBArlPcc,CORPSEGRINDER
https://efukt.com/22993_Sorry_My_Penis_is_Broken.html,"Sorry, My Penis is Broken",General Zod experiences performance anxiety.,"1,363,067 views",12/23/19,Fail,https://efukt.com/category/fail/,,,,
https://efukt.com/22988_Hooker_of_the_Year_2019.html,Hooker of the Year 2019,"Poor prosti gets sandbagged by a local gentleman who's only sexual experience involves Walmart's checkout line & Colt 45. But apparently her dugout is built for the major leagues, cause despite his John McLane ingenuity... she still walks away with a smile. Fucking amazing.","2,504,217 views",12/16/19,Hookers,https://efukt.com/category/hookers/,,,,
https://efukt.com/22983_The_Green_Bikini.html,The Green Bikini,My gut tells me the chances of a normal human being attempting this is right up there with Joy Behar being medicated during business hours. But I do find the authentic pleasure she has when making foot-to-vulva contact kind of endearing.,"1,636,284 views",12/10/19,Queen Snake,https://efukt.com/a/queen-snake/,WTF,https://efukt.com/category/wtf/,,
https://efukt.com/22977_The_Caught_Compilation_7.html,The Caught Compilation 7,Here it is: The grand finale in a long line of degenerates who value their integrity less than that chicken sandwich everyone is getting german suplexed over. Especially the last clip. I haven't seen determination like that since the Epstein Didn't Kill Himself meme.,"3,122,061 views",12/04/19,Caught Compilations,https://efukt.com/series/caught-compilations-14/,,,,
https://efukt.com/22971_The_Legend_of_the_Golden_Condom.html,The Legend of the Golden Condom,"This is a look into a pagan sex cult turned rock band called ""RockBitch"". A sex commune living in a monastery that created a music and stage show that's kinda like a feminist rage against the machine meets an all out orgy. More Info .","1,721,325 views",11/27/19,Documentary,https://efukt.com/category/documentary/,,,https://en.wikipedia.org/wiki/Rockbitch,
https://efukt.com/22967_Dying_for_the_Pussy.html,Dying for the Pussy,Anyone know what Twitch girl he moderates for?,"1,250,701 views",11/21/19,Asians,https://efukt.com/category/asians/,,,,
https://efukt.com/22964_Quitting_is_Not_an_Option.html,Quitting is Not an Option,"I've seen this configuration before. Okinawa birth certificate, Chevy-Silverado endurance. I'd refer to Alexa for a proper translation, but Amazon hasn't released the Aspergers DLC yet so you're just gonna have to fill in the blanks yourselves, compadres.","1,835,673 views",11/16/19,Asians,https://efukt.com/category/asians/,,,,
https://efukt.com/22960_The_Biggest_Crybaby_on_Chaturbate.html,The Biggest Crybaby on Chaturbate,My tenure in pornography has made witness to a lot of hopeless girls doing a lot of hopeless shit just to keep their Tampax bills paid. But essentially giving your fellow camstitutes the green light to cry their way to Efukt superstardom? That's a level of loyalty I didn't even know I wanted.,"1,603,276 views",11/12/19,Chaturbate,https://efukt.com/a/chaturbate/,Camwhores,https://efukt.com/category/camwhores/,,
https://efukt.com/22955_The_Tallahassee_Crab_Trap.html,The Tallahassee Crab Trap,Consider this the  section of the Internet. And nothing spells T-A-C-T-I-C-A-L A-D-V-A-N-T-A-G-E quite like a woman that could literally use a Volkswagen Golf as a dildo. If you're not into safe spaces being invaded... this one isn't for you.,"2,345,055 views",11/05/19,Loose,https://efukt.com/category/loose/,,,,advanced users only
https://efukt.com/22951_Beyond_Meat.html,Beyond Meat,"Food Reviewers: Some do it because they found a way to monetize gluttony. Others, just want that sweet mcnugget sponsorship. And then there's Bruce. A man with enough F-tier hate fuck material to earn the Gordon Ramsey seal of approval. Feel free to tweet this video out . I'd like their input on this.","839,515 views",11/01/19,Bizarre,https://efukt.com/category/bizarre/,,,https://twitter.com/Wendys,
https://efukt.com/22946_The_Special_Needs_Prostitute.html,The Special Needs Prostitute,"Blue-balled midgets, schizophrenic autists, Miley Cyrus' fan base... this woman's sexual clientele is more well-rounded than IHOP's farmhouse breakfast. Unfortunately there's no visuals of penetration. But what it lacks in nightmares... it makes up for in California's voting pool.","1,665,352 views",10/26/19,Hookers,https://efukt.com/category/hookers/,,,,
https://efukt.com/22942_Fear_is_the_Weakness.html,Fear is the Weakness,"Don't let the confidence in her voice fool you: This cholita's ability to withstand pain is about as real as her soggy pancakes in a pushup bra. As illustrated by his first, second and 17th attempt to keep a decent rhythm in her poo canoe. The end result? Well... you'll see.","2,164,457 views",10/19/19,Backroom Casting Couch,https://efukt.com/a/backroom-casting-couch/,Anal,https://efukt.com/category/anal/,,
https://efukt.com/22937_Gayng_Lyfe.html,Gayng Lyfe,"As if the second amendment wasn't under enough criticism right now, we're gonna add a new dynamic: Introducing the elons nd angsters Movement. It's not quite left. It's not quite right. But dammit, California is going to need new tourism commercials ASAP.","1,260,280 views",10/15/19,Gay,https://efukt.com/category/gay/,,,,G
https://efukt.com/22931_Dont_Care_Had_Sex.html,"Don't Care, Had Sex","There's just no going back after making a video like this. She'll be forever known as the degenerate that got famous for rawdogging a South Park character. She's essentially a walking, talking Twitter activist for borderless sexuality... and yet stays in semi-boner material territory. An enigma, if you will.","3,013,781 views",10/08/19,Mildly Retarded,https://efukt.com/category/mildly-retarded/,,,,
https://efukt.com/22927_The_Third_Eye.html,The Third Eye,"Anybody have the technical name for this phenomenon? or a real explanation? Specifically one that doesn't involve voodoo dolls, Penn & Teller or Planet Wing's suicide sauce. I want answers.","1,827,992 views",10/01/19,NubileFilms,https://efukt.com/a/nubilefilms/,Bizarre,https://efukt.com/category/bizarre/,,
https://efukt.com/22923_Are_U_SURE_UR_18.html,Are U SURE UR 18?,"Slutty teenage girls make the porn world go round... but only 18 and 19 year olds. The other teens are a unforgivable life ruining crime. So let's see what happens when the brave lad at ""faketaxi"" finds himself in a precarious predicament.","3,015,570 views",09/26/19,Teen,https://efukt.com/category/teen/,,,,
https://efukt.com/22919_My_400lb_Life.html,My 400lb Life,"Most erections won't make it past the fact that this Snorlax shovels in 5,000 calories per day - and trust me, it doesn't get better. Congratulations Tammy you've officially outdone Game of Thrones for most offensive climax of 2019. Fire up one of those burrito milkshakes, today we celebrate.","1,943,163 views",09/21/19,WTF,https://efukt.com/category/wtf/,,,,
https://efukt.com/gM2YTO/6MHc0RHaAMykjMy0DZp9DcoBnL0V3bv02bj5CdrVnZl9yL,Alpha Male Anal Assault,""" -Arnold Schwarzenegger, 1990","2,018,380 views",09/20/19,Painal,https://efukt.com/category/painal/,,,https://youtu.be/GmnOhUEVaJ4?t=11,
https://efukt.com/22914_I_Cant_Breathe.html,I Can't Breathe,"Seriously, don't laugh at this. Even if your soul is more decayed than Robert De Niro's asshole after a spirited brunch at Del Taco, it should still tell you that giggle time is officially cancelled. That is, until we get an official statement from her father lol.","1,973,406 views",09/16/19,Facial Abuse,https://efukt.com/a/facial-abuse/,Asians,https://efukt.com/category/asians/,,
https://efukt.com/22909_The_Worlds_Most_Offensive_Fetishes.html,The World's Most Offensive Fetishes,Pretty much the most perplexing acts of genital manipulation I've witnessed since marathoning all 47 volumes of . My voice matters today more than ever before.,"1,768,729 views",09/09/19,Bizarre,https://efukt.com/category/bizarre/,,,https://www.clips4sale.com/studio/14798/hotfattygirl-and-friends,
https://efukt.com/22905_17_COCKS_REGRET.html,17 COCKS = REGRET,"Discounted Rice-a-Roni, a Dwayne Johnson body massage and joining a Chick-fil-A protest: All things I'd willingly commit to before slapping a ring on Jasmine Bryne. Pay attention boys and remember: One day it could be half of  Amiibo collection.","2,266,617 views",09/04/19,Teen,https://efukt.com/category/teen/,,,,YOUR
https://efukt.com/22899_Orgasm_Induced_Seizures_A_Rare_Phenomenon.html,Orgasm Induced Seizures: A Rare Phenomenon,Internet webcam hooker  appears to suffer from acute reflex seizures triggered by sexual climax. She also uses a sound activated dildo that vibrates when people tip her which is funny af.,"2,218,536 views",08/27/19,Ridiculous Orgasms,https://efukt.com/series/ridiculous-orgasms-12/,,,,
https://efukt.com/22894_Possible_Incest_but_Fresh_Ramen_Noodles.html,Possible Incest but Fresh Ramen Noodles,"Deep inside a dilapidated trailer decorated with street signs and rebel flags, a couple of questionable relations makes mouth coitus until something goes very wrong. This mishap, according to the camera man, is the greatest thing he has ever fucking seen.","2,724,326 views",08/21/19,LULZ,https://efukt.com/category/lulz/,,,,
https://efukt.com/22889_6_Amazing_Sex_Acts.html,6 Amazing Sex Acts,Today's Menu: 1) Conor McGregor post-retirement 2) Ballin on a Budget 3) Hard Times Daddeh 4) The Mastadon Challenge 5) Contents Under Pressure 6) Always Get Your Moneys Worth,"2,338,817 views",08/15/19,Fail,https://efukt.com/category/fail/,,,,
https://efukt.com/22885_Yellow_Dove.html,Yellow Dove,"Hand's down the most disturbing thing I've seen Asian women do (this week) since accidentally loading a buzzfeed article about NYC's dating scene. And much like that editorial, spending more than 5 minutes in the same room as one of these creatures may cause permanent damage. Prince didn't die for this.","1,308,379 views",08/10/19,R18,https://efukt.com/a/r18/,Asians,https://efukt.com/category/asians/,,
https://efukt.com/22881_Sexual_Socialism.html,Sexual Socialism,What's mine is yours. And what's yours makes her think walking away from that 4-year degree in Anthropological Gender Studies of Amazonian Tree Frogs to do this instead was a bad idea.,"1,629,151 views",08/05/19,LULZ,https://efukt.com/category/lulz/,,,,
https://efukt.com/22874_Friday_Morning_in_California.html,Friday Morning in California,Essentially this is a public service announcement on the cons and cons of touring San Fransisco. Some will live to tell the tale. Others will merge with Skid Row through osmosis. But  will learn the defintion of of .,"1,366,143 views",07/27/19,Nasty,https://efukt.com/category/nasty/,,,,"""Ordering the Portuguese Breakfast"""
https://efukt.com/22866_Making_the_Impossible_Possible.html,Making the Impossible Possible,"So, who's really to blame here? The horse farm that secured their perimeter to keep her away from the livestock, or the guy with 4 Q's in his name that's keeping her on a 1-token drip for the past 4 hours?","1,974,609 views",07/20/19,Fisting,https://efukt.com/category/fisting/,,,,
https://efukt.com/22863_The_Show_Must_Go_On.html,The Show Must Go On,"Playstation One-levels of animation  someones first experience with Windows Movie Maker goes horribly...  In other words, I only ejaculated twice. And that's coming from a man whos seen Sarah Silverman naked. My voice matters.","1,810,762 views",07/15/19,PKF Studios,https://efukt.com/a/pkf-studios/,Documentary,https://efukt.com/category/documentary/,,and
https://efukt.com/22859_The_True_Face_Of_Degeneracy.html,True Face of Degeneracy,"Listen up you cockeyed scumbag: There are places all over the country that are designated for hucking ham sauce anywhere you please. So next time, order up a caramel Frap, squeeze into the handicap stall at Starbucks and join the rest of the evolved population you repugnant, bald-headed shit twizzler.","1,789,050 views",07/09/19,Bizarre,https://efukt.com/category/bizarre/,,,,
https://efukt.com/22855_So_Bad_He_Had_To_Quit.html,So Bad He Had to Quit,"Symptom #293 you need to put an end to the all-turnip and MDMA diet: You develop the sex drive of a cinder block followed by the kind of speech impediment that could end a marriage in Alabama. But rather than seek Dr. Phil's help, you do  instead.","2,363,273 views",07/04/19,Crazy,https://efukt.com/category/crazy/,,,,
https://efukt.com/22851_The_18_Second_Man.html,The 18-Second Man,"My first pay-to-play happened in a Burger King toilet stall. She was more Kurt Perry than Katy Perry, Kinda foul. Not even a triple replay of Heather Graham's bush in Boogie Nights changed the mood that night. But... if I had this guy's attitude? Life... life would be different.","2,065,160 views",06/27/19,Big Dicks,https://efukt.com/category/big-dicks/,,,,
https://efukt.com/22849_Self_Harm_A_Spectacle_of_Beauty.html,Self Harm: A Spectacle of Beauty,"Meet ""AColdnessInMyHeart"", the star of the most extreme self-harm blog that ever existed. This gets pretty disturbing... but there's something strangely pornographic about how she showcases her wet gaping wounds.","7,163,408 views",06/26/19,Extreme,https://efukt.com/category/extreme/,,,,
https://efukt.com/22844_you_deserve_to_be.html,"""You deserved it""","Much like Cardi B's popularity, one has to question why this even exists in and how we got here in the first place. Emphasis on the Oscar-award winning method acting seen in the opening dialogue. Simply brilliant.","3,414,311 views",06/21/19,Bare Back Studios,https://efukt.com/a/bare-back-studios/,Amateur,https://efukt.com/category/amateur/,,
https://efukt.com/22840_College_Bros_Get_A_Reality_Check.html,College Bros Get a Reality Check,Two semesters spent shotgunning Bud Light and using the sink as a toilet? No problemo. Thirty five seconds of experienced squabblenecking? Not a fucking chance. Ladies and gentlegenders - I present to you face of higher education.,"2,247,678 views",06/16/19,Bangbros,https://efukt.com/a/bangbros/,Premature,https://efukt.com/category/premature/,,
https://efukt.com/22723_I_HATE_CUM_5.html,I HATE CUM 5,"Much like the Fast and Furious franchise, this series went from  to  pretty damn quick. The tipping point involves Morgan Lee's last hurrah before . And no, you can't unsee that either.","1,996,658 views",06/11/19,Cum Haters,https://efukt.com/series/cum-haters-2/,,,https://www.youtube.com/watch?v=DCXDP2vhhbg,"""what the fuck am I watching"""
https://efukt.com/22834_Why_Is_This_Even_A_Thing.html,Why is this Even a Thing?,Reminds me of something my grandpa used to say: Your output is only as good as your input. Not since the the trailer for Terminator Dark Fate have I been so disgusted with women over the age of 40.,"1,789,879 views",06/06/19,Fail,https://efukt.com/category/fail/,,,,
https://efukt.com/22828_The_Worst_Male_Orgasms_EVER_1.html,The Worst Male Orgasms EVER 1,"Door Dash your chimichangas and fire up the Demi Lovato playlist, for you are about to witness the pinnacle of peak male performance. Not since the 2017 inauguration have I heard this many vegan-powered war cries go unanswered lol","1,721,236 views",06/01/19,Ridiculous Orgasms,https://efukt.com/series/ridiculous-orgasms-12/,,,,
https://efukt.com/22825_Warning_Advanced_Users_ONLY.html,Warning: Advanced Users ONLY,11 Seconds: That's the average time it takes for one family-sized order of Chang's Orange Chicken to kick flip it's way out of my body and make it's way back to the manure farm. It's also the amount of time it takes the new poster girl for  to get the official Efukt seal of approval. You're welcome.,"2,840,840 views",05/26/19,Anal,https://efukt.com/category/anal/,,,,"""LOLIDGAF"""
https://efukt.com/22820_insane_clown_pussy.html,Insane Clown Pussy,"Most erections flatline after muttering the letters ""ICP"". Maybe even translate into an episode of syphilis or three. But not here. Enjoy this one slowly... for today Holly Hendrix proves without a shadow of a doubt that everyone with her last name is a natural-born musician.","1,463,190 views",05/20/19,Hardcore Gangbang,https://efukt.com/a/hardcore-gangbang/,Bizarre,https://efukt.com/category/bizarre/,,
https://efukt.com/22815_The_2_Million_Scoville_Orgasm.html,The 2 Million Scoville Orgasm,"Monetizing your vagina only has a few rules: Minimal trips to Home Depot, and keep the clitoris away from all things with the name ""Husqvarna"" on them. Not a hard list, but this MFC alumni decides to test fate another way, resulting in a semi-rage quit. GGNORE.","1,793,397 views",05/14/19,Camwhores,https://efukt.com/category/camwhores/,,,,
https://efukt.com/22810_BEEFUS_MAXIMUM.html,BEEFUS MAXIMUS,See the thumbnail? Get used to making that face. For you're about to meet a woman with enough human-grade roast beef to end global hunger. I never finished medical school... but it's my professional suggestion she uses the $47.00 paid for this scene to buy a pair of hedge sheers on the way home.,"2,074,369 views",05/08/19,Loose,https://efukt.com/category/loose/,,,,
https://efukt.com/22806_The_Real_Crisis_in_America.html,America's Real Crisis,This is what happens when Tinder gets boring and a woman experiments outside of her comfort zone. That fucking thing is one  away from being Brie Larson's stunt double. Or Tim Burton's next villain. Feel free to choose your own adventure today.,"1,924,270 views",05/03/19,Argentina Naked,https://efukt.com/a/argentina-naked/,Painal,https://efukt.com/category/painal/,,"""let met talk to your manager haircut"""
https://efukt.com/22803_British_Women_are_Insufferable.html,British Women are Insufferable,I never understood it. The idea of penetrating a chain-smoking ex-con bus driver with 2 blob fish bolted to her chest may work for some of you jabronis in the western world - but not me. I have standards.,"1,739,514 views",04/29/19,Fail,https://efukt.com/category/fail/,,,,
https://efukt.com/22796_Too_Awkward_For_Porn.html,Too Awkward For Porn,"To call this girl a boring bang would be the understatement of the damn millennium. I'll put it this way: If you combined a gender studies course with the PGA, you'd still need a 3 hour Al Gore audio book and jumper cables to match pulses with this fucking corpse. You've been warned.","2,005,376 views",04/24/19,Casting Couch HD,https://efukt.com/a/casting-couch-hd/,Mildly Retarded,https://efukt.com/category/mildly-retarded/,,
https://efukt.com/22791_Unexpected_Fetish.html,Unexpected Fetish,Did flashing interns at the local 7-11 becoming a challenge or something? Apparently this miscreant prefers the orifices less traveled. Specifically the ones small enough to give Tiger Woods anxiety attacks. C-L-A-S-S-Y.,"2,272,148 views",04/18/19,21Sextreme,https://efukt.com/a/21sextreme/,WTF,https://efukt.com/category/wtf/,,
https://efukt.com/22786_The_Sounds_of_Love.html,The Sounds of Love,"Not the first video that's made me question the female body, but it may be the only Efukt feature that gets into a Bubballoo Gum commercial. People deserve a little reality on their television. Not Dwight Shrute hosting a swap meet in Frog Balls Arkansas. Now where's that royalty check?","1,436,318 views",04/13/19,Orgasms,https://efukt.com/category/orgasms/,,,,
https://efukt.com/22781_Downs_with_the_sickness.html,Downs with the Sickness,Impressive method acting on his part to be honest. He's got that '' look down to a science. Unrelated question: Does gonorrhea cancel itself out if you get it twice? Asking for a friend.,"1,841,426 views",04/08/19,Mildly Retarded,https://efukt.com/category/mildly-retarded/,,,,"my mother, sister and John Deer push mower are all the same person, so I listen to The Black Eyed Peas on vinyl"
https://efukt.com/22774_My_Dead_Sugar_Daddy_Made_Me_Millions.html,My Dead Sugar Daddy Made Me Millions,The insane story of an emotionally disabled prostitute/pornstar/sugar baby/urinal-for-hire with HPV and herpes that literally wrote the book on being a whore - 9 times. She claims her dead sugar daddy made her a millionaire and now haunts her... wow.,"1,425,933 views",04/01/19,Hookers,https://efukt.com/category/hookers/,,,,
https://efukt.com/22768_The_Caught_Compilation_6.html,The Caught Compilation 6,"Flipping the Minnow, Clubbing the Chimp, Procrastabating, Shaking Hands with Bruce Willis - Call it what you want. I refer to it as the only reason to leave the house other than to stock up on Mr. Pibb and fried dough. Shoutouts to feminism for empowering these women.","2,968,817 views",03/26/19,Caught Compilations,https://efukt.com/series/caught-compilations-14/,,,,
https://efukt.com/22763_Hollywoods_Backup_Program.html,Hollywood's Backup Program,"Hey, no one said you had to like it Natalie Portman. Just lean forward, keep a tight grip on those communal wieners and think about all the Baconators you'll be able to purchase at the end of the week. That's what keeps me going. Her first appearance .","1,829,978 views",03/21/19,Porta Gloryhole,https://efukt.com/a/porta-gloryhole/,LULZ,https://efukt.com/category/lulz/,https://efukt.com/22143_PANIC_AT_THE_BLOWBANG.html,
https://efukt.com/22756_The_Best_Worst_Mom_on_Pornhub.html,The Sneakiest Mom on Pornhub,"If only she put this amount of effort into bribing a dean to get Suzie to the top of her class, she wouldn't have to resort to flashing gash next to the all-wheel drive hybrids. Consider it a selling point... like combining hand moisturizer and the new Aladdin soundtrack. GET 'ER DUN.","2,874,647 views",03/16/19,WTF,https://efukt.com/category/wtf/,,,,
https://efukt.com/22753_Jack_the_Ripper.html,Jack the Ripper,"Some men need oral stimulation to get off. Others, a $20 shopping spree at Buffalo Wild Wings. And then there's this Vlad the Impaler lookin' mother fucker who needs nothing more than basic silverware to send his himself over the big-O rainbow. Hint: May be better enjoyed while listening to .","989,797 views",03/12/19,Extreme,https://efukt.com/category/extreme/,,,https://www.youtube.com/watch?v=RNF0ePUtP9c,
https://efukt.com/22747_Porn_Scenes_Worthy_of_an_Oscar_2019.html,Porn Scenes Worthy of an Oscar 5,"Volume #5 in a collection of videos that Charlie Sheen would be ashamed to attach his name to. And without even a single appearance from a graduate of the Woodman School of Rectology, that's saying something.","1,864,851 views",03/06/19,Porn Scenes Worthy of an Oscar,https://efukt.com/series/porn-scenes-worthy-of-an-oscar-11/,,,,
https://efukt.com/22740_Pimp_Life_in_the_Trap_House.html,Pimp Life in the Trap House,"Meet ""Pimpin P"" from Oklahoma. He's your average everyday abusive drug dealing pimp with nothing to live for. Here he is ""doin' big thangs"", which apparently translates to bullying a cross-eyed runaway into drinking piss and blowing his home boys.","1,403,881 views",03/01/19,Documentary,https://efukt.com/category/documentary/,,,,
https://efukt.com/22735_Unforgivable.html,UNFORGIVABLE,"Offensive? Repulsive? Abhorrent? How about . Not one sign of shame either. And when you realize exactly what's going on here, you'll be on the Amtrak to hell too. First class.","2,187,405 views",02/23/19,Big Dicks,https://efukt.com/category/big-dicks/,,,,
https://efukt.com/22729_Nowhere_to_Run.html,Nowhere to Run,Sorry to all competing rookies out there trying to cover the Vagisil bill: This is the type of content you need to be producing now. Those glory days of  acting like somebody hooked a lawn mower battery to your fallopian tubes to get attention are over. Devon... get the Flex Tape.,"2,566,667 views",02/17/19,InterracialPass,https://efukt.com/a/interracialpass/,Big Dicks,https://efukt.com/category/big-dicks/,,not
https://efukt.com/22721_Cum_Haters_2019.html,Cum Haters 2019,"Girls that agree to do porn + Refusing to take an ivory shower without a temper tantrum. An interesting combination, backseated only by Burger King's Quad Stacker + Charmin Ultra Soft. Sprinkle in a pinch of sexual anxiety and you got endless fap material my friends.","2,535,469 views",02/11/19,Backroom Casting Couch,https://efukt.com/a/backroom-casting-couch/,Cum Haters,https://efukt.com/series/cum-haters-2/,,
https://efukt.com/22716_Genghis_Khandom.html,Genghis Khandom,I bet you $3.50 and the remainder of my orange julius this loathsome creature is a thriving member of the furry community. Also: The one time a video on the Internet isn't fake and this is what you give me?,"1,127,359 views",02/06/19,Bizarre,https://efukt.com/category/bizarre/,,,,
https://efukt.com/22711_The_Purge.html,The Purge,"She seems like a nice girl. The type that would throw herself off a post office rooftop if you missed her text, or fuck the mailman's chihuahua if your Instagram pic got 0 likes. But her taste in recreational activities? Shit, I've seen happier faces cleaning toilets at the Renaissance Fair.","1,614,201 views",02/01/19,Fisting,https://efukt.com/category/fisting/,,,,
https://efukt.com/22695_Bonnie_Rotten_Cries_Rape.html,Bonnie Rotten Cries Rape,"5 people in a room filled with alcohol, genital catastrophes and lifelong regret... and somehow Max Hardcore is the only voice of reason? Yeah, I had to check the temperature in hell real quick because I didn't fucking see that coming either.","2,079,384 views",01/21/19,Hookers,https://efukt.com/category/hookers/,,,,
https://efukt.com/22691_The_Selena_Green_Vargas_Story.html,The Selena Vargas Story,"Admittedly an Internet classic by every definition, so chances are you've already squeezed a hog or 3 to this unfaithful slootanany. But I've never seen this edit before so release the pigs and let's retrojack again for old times sake.","2,255,098 views",01/15/19,GIRLSDOPORN,https://efukt.com/a/girlsdoporn/,Amateur,https://efukt.com/category/amateur/,,
https://efukt.com/22685_HE_GOT_TEH_GOOD_MUSTARD.html,How to Seduce a Black Woman,Step 1: Have the genetics of a Ugandan warrior Step 2: The good mustard Step 3: Repeat,"1,464,257 views",01/11/19,Strippers,https://efukt.com/category/strippers/,,,,
https://efukt.com/22675_new_year_new_me.html,"New Year, New Me","You know at one point in time her dirt tulip at full pucker was still smaller than the cock of an Eskimo in January. I want to know where that footage is. And more importantly, the followup video of John McAfee announcing her as his running mate for 2020?","1,856,065 views",01/01/19,Bizarre,https://efukt.com/category/bizarre/,,,,
https://efukt.com/22666_GROUPIE_CONFESSIONS.html,GROUPIE CONFESSIONS,Did Mark McGrath admit to being a pedophile? Did a feminist bassist fist rape a minor? Why is Eve 6 throwing lunch meat at a hooker? Buffalo Billy? IDFK but I killed 50 bucks for this rare VHS on eBay and I have zero regrets.,"1,653,964 views",12/26/18,Famous,https://efukt.com/category/famous/,,,,
https://efukt.com/22661_show_and_tell_fail.html,Show and Tell FAIL,"Let's hope professor JAV is better at making up hacker stories than he is at organizing playlists. 'cause after 30 seconds of this I'm sure it's adios tenure, and hello Alex Jones interview.","1,546,381 views",12/22/18,Asians,https://efukt.com/category/asians/,,,,
https://efukt.com/22657_high_maintenance.html,High Maintenance,"Her claim to fame is deplorable... but when the clothes come off her barbarian hips look like they can survive giving birth to Danny Devito and it's fuckin' beautiful. 5/5 Yelp stars, would eat again.","2,737,358 views",12/17/18,Vintage,https://efukt.com/category/vintage/,,,,
https://efukt.com/22652_white_girl_overload.html,White Girl Overload,"Hefty LGBTQA+3.14 troglodyke gets last nights Hungry Man dinner ejected out of her after trying to post up on the wrong block. Lesson Learned: When it comes to esophageal tolerance, don't mess with the black people.","2,419,025 views",12/11/18,Fail,https://efukt.com/category/fail/,,,,
https://efukt.com/22644_cum_crusher.html,The Most Eccentric Man on Pornhub,1.  2. Speilberg 3. Coppola,"1,392,927 views",12/07/18,Big Dicks,https://efukt.com/category/big-dicks/,,,https://www.pornhub.com/users/gold-phish,
https://efukt.com/22639_destiny_deville_is_crazy.html,Destiny Deville is Clinically Insane,Looks like someone crossbred Rosario Dawson with a howler monkey and gave it rabies. But this isn't for the lulz... more about awareness. You honestly don't even need video for this. The soundtrack alone is enough to keep my Bugle Boy cut-offs on the rinse cycle.,"1,767,244 views",12/02/18,Crazy,https://efukt.com/category/crazy/,,,,
https://efukt.com/22635_nothing_is_impossible.html,NOTHING is Impossible,"Pigs flying, A Manson Family Hanukkah special & Clean underwear after all-you-can-eat Chinese food. These are all things I expected to see long before a man that has mastered the art of hands-free ejacs. Next time do it into the palm of a guy named Carlos. It's called the , I invented it.","2,407,614 views",11/26/18,Exhibition,https://efukt.com/category/exhibition/,,,,Puerto Rican Panhandle
https://efukt.com/22629_Ultra_Alpha.html,Ultra Alpha,Would  be so kind as to turn the soundbyte at 0:24 into their next banger? That's the kind of collaboration that can fuel my beat-off sessions all the way into spring. More Woodman  and .,"2,897,550 views",11/19/18,Woodman Casting X,https://efukt.com/a/woodman-casting-x/,Orgasms,https://efukt.com/category/orgasms/,https://www.youtube.com/watch?v=-7XBB04ELPw,HERE
https://efukt.com/22623_Ultra_Beta.html,Ultra Beta,"This is ridiculous. Not 'haha-ridiculous' like a slab of society identifying as non-binary lesbian toaster strudel. Dude has zero reaction to strangers stuffing his girl like a Walmart ham, and here I am just waiting for David Attenborough's explanation as to why.","3,137,743 views",11/14/18,Cuckold,https://efukt.com/category/cuckold/,,,,
https://efukt.com/22616_the_cheaters_compilation.html,The Cheaters Compilation,"LIFE LESSON #186: If your poker face is weaker than the walls of Alec Baldwin's rectum - stay the fuck out of the side-chick game. Last time I saw this level of angst in a female, I had to translate  into English for a Sudanese hooker. (thx Alexa)","2,570,433 views",11/09/18,Busted!,https://efukt.com/category/busted/,,,,"""yes, nickles are so a currency"""
https://efukt.com/22612_Kiki_Killer.html,Vlad the Impaler,"What's hung like a Clydesdale and knows less words than a Pokemon? He's known simply as , and 37 states require a permit to walk around with that fucking thing in public.","2,913,826 views",11/04/18,Bangbros,https://efukt.com/a/bangbros/,Big Dicks,https://efukt.com/category/big-dicks/,https://bangbros.com/model60863/vlad,
https://efukt.com/22607_Racist_Porn_With_a_Twist_Ending.html,The Black White Supremacist,"Apparently Clayton Bigsby has an extended bloodline we were completely unaware of. Practice what you're about to see here & I promise - those pesky NPC'S will never scream ""racism"" again.","1,198,099 views",10/29/18,LULZ,https://efukt.com/category/lulz/,,,,
https://efukt.com/22601_Dick_Don_t_Fit.html,Uncle Dick-Dont-Fit,"Sonuva bitch... dude's packing the kind of penis that can only be described as ""an emergency every time I have to take a piss"". Time to call up AARP and find out what size wheelbarrow they're willing to cover for this kind of disability. Something in a dual-wheel polycarbon should do it.","3,077,123 views",10/24/18,Old Goes Young,https://efukt.com/a/old-goes-young/,Big Dicks,https://efukt.com/category/big-dicks/,,
https://efukt.com/22595_Czech_Porn_Is_Still_Horrible.html,Czech Porn is Still Horrible,"Essentially a hybrid of a ""Got Milk?"" PSA & a GWAR concert. Or in more comprehensive terms: 1-part health consciousness, 274-parts batshit fuckin aspergers. .","1,503,470 views",10/18/18,Gloryhole,https://efukt.com/category/gloryhole/,,,https://efukt.com/21052_Czech_porn_is_hilariously_horrible.html,
https://efukt.com/22589_The_Caught_Compilation_5.html,The Caught Compilation 5,"Every good film deserves 4 sequels... and many moons ago I stumbled upon a select few degenerates that give less fucks about 'dignity' and 'clean STD tests' than the roster of the 1970 Lakers. Venturing into dead meme territory, but the hole-to-hole acrobatics are worth a followup.","3,344,951 views",10/12/18,Caught Compilations,https://efukt.com/series/caught-compilations-14/,,,,
https://efukt.com/22583_mom_goals.html,Mom Goals,"Who the fuck comes up with these hybrid fetish flicks? Next time you producers want to get creative, how about coating a machete in Zoloft and fucking Logan Paul up the cornholio until he's smiling like Matt Damon on the cover of ? Google it.","2,988,053 views",10/06/18,Incest,https://efukt.com/category/incest/,,,,Good Will Hunting
https://efukt.com/22577_That_was_a_twist.html,Fuckin Jebaited,"I'm all for experimentation (specifically in Home Depot's garden accessories section), but for real... like Jerry's Final Thought real: Eventually this behavior is going to end up with a perforated colon the size of Gary Coleman and then it's .","1,656,984 views",10/01/18,WTF,https://efukt.com/category/wtf/,,,https://www.youtube.com/watch?v=EZuqELcy27g,
https://efukt.com/22571_I_CANT_AND_I_WONT.html,"""I CANT, AND I WONT!""","Garth Algar goes to town on her squeeze box, producing some of the most questionable facial expressions I've seen since mark_paul_gosselaar_handjob_kfc.avi. Didn't happen to catch that one? You're missing out... and consequently not restructuring your list of heroes.","1,488,194 views",09/25/18,Camwhores,https://efukt.com/category/camwhores/,,,,
https://efukt.com/22564_Instant_Regret.html,The Regret is REAL,"From stone cold fox, to Stone Cold Steve Austin. #fap","2,616,172 views",09/18/18,LULZ,https://efukt.com/category/lulz/,,,,
https://efukt.com/22558_gender_pay_gap.html,PROOF: The Gender Pay Gap is Bullshit,- Jordan Peterson,"2,713,066 views",09/13/18,Anal,https://efukt.com/category/anal/,,,,"Not only do women work fewer hours than men, they choose different careers. Women are more interested in people, while men are more interested in things. They also take more browns to the Super Bowl than the NFL ever has in 98 years."
https://efukt.com/22553_Creating_the_Perfect_Woman.html,Creating the Perfect Woman,"There's just no forgetting you did something like this. Their throats will be forever agaped. The chronic oral queefing has already set in. They're essentially walking, talking whoopie cushions and yet... they remain in good spirits. I like dat in a partner.","1,791,891 views",09/08/18,Sexually Broken,https://efukt.com/a/sexually-broken/,LULZ,https://efukt.com/category/lulz/,,
https://efukt.com/22546_Amatuer_Sex_Tape_Fails_2018.html,Amatuer Sex Tape FAILS [2018],Only 1 thing compliments the relaxed feel of a holiday weekend - And that's getting more rash on your crotch from a guy you salad-tossed than the toilet in a Portuguese farmhouse. And to those inbreds in the last clip: End the bloodline here. This never needs to happen again.,"3,175,228 views",09/01/18,Amateur,https://efukt.com/category/amateur/,,,,
https://efukt.com/22538_Daughter_Regrets_Doing_Porn_With_Mom.html,Incest Porn Finally Goes too Far,"Overzealous producer does the unthinkable: Asks his lead actress to inhale a blob of her own mother's farm-fresh protein. But instead of saving a minisecule amount of self-respect for her own golden years, she chows down like the Amazon gift card they paid her with was worth it. #HUMILIATION","2,828,298 views",08/25/18,Incest,https://efukt.com/category/incest/,,,,
https://efukt.com/22531_Fan_Of_The_Year.html,Fan of the Year: You're Doing it RIGHT,Carl Sagan said it couldn't be done. Mythbusters ignored our requests to do an episode on it. But thanks to NEGATIVE DOLL we finally have definitive proof that fan videos can be fucking  #REACHFORTHESTARS,"1,756,317 views",08/19/18,Teen,https://efukt.com/category/teen/,,,,
https://efukt.com/22524_The_Internet_Never_Forgets.html,The Internet Never Forgets,"Outside of ejaculating to Nicolas Cage's death scene in , no male celebrity will bring you remorse quite like Simon 'Dirt Nasty' Rex. Former MTV VJ, rolls with Andy Milonakis... and 20 years ago he took a $100 payday to stick his dick in Zack Morris' bedroom carpet. [Diss Track by ]","2,082,230 views",08/12/18,LULZ,https://efukt.com/category/lulz/,,,https://www.youtube.com/watch?v=n3-v-pQLdgw,The Wicker Man
https://efukt.com/22522_700_Reasons_Not_to_Get_Married.html,700 Reasons Not to Get Married,"200 women, 500 men, an uncountable amount of dollar store tattoos and a dead ex-husband are just the tip of the cuntberg for this self-proclaimed 'human cockroach'. I do have to say though, that vagina is in remarkable condition for a lady that has more mileage than Al Bundy's Dodge Duster. [More Info = ]","5,166,493 views",08/08/18,Gallery,https://efukt.com/category/gallery/,,,https://www.westword.com/news/one-wild-ride-5091524,
https://efukt.com/22514_Horrors_Of_Cam_Whoring.html,The Horrors Of Cam-Whoring,It's always the same thing: Your favorite e-piece succumbs to the competition and proceeds to push her stream to the next level... only to deteriorate her street cred faster than my rectal lining at a Bangladeshi farmer's market. MORE CAM CLAMS,"2,320,244 views",08/02/18,Camwhores,https://efukt.com/category/camwhores/,,,https://efukt.com/category/camwhores/,
https://efukt.com/22506_your_gangbang_etiquette_sucks.html,Your Gangbang Etiquette Sucks!,"This might eradicate any train-running fantasies you might have once had. But it will also peak your curiosity as to how Danny Glover spends a Saturday night with friends. It's what us Internet folk call a video that's perfectly balanced, as all things should be.","4,185,697 views",07/26/18,Teen,https://efukt.com/category/teen/,,,,
https://efukt.com/22499_britains_educational_tv_is_insane.html,Britain's Educational TV is Insane,"There's a thin line between , and reprising your role as  in the x-rated Roger Rabbit reboot. Where the line lies, I don't really know... but I'm pretty damn sure masturbation is no longer an option this week. [More Info ]","1,195,235 views",07/19/18,Documentary,https://efukt.com/category/documentary/,,,https://i.imgur.com/T7wBLyn.jpg,getting your PhD with a doctorate in biology
https://efukt.com/22494_Sex_Robot_Testing.html,Testing a Sex Robot,For a minute there I was starting to lose faith in degenerate white guy's ability to keep me entertained. Then I was introduced to a fetish with more questions than Sylvester Stallone's medicine cabinet.,"1,853,174 views",07/14/18,Reflective Desires,https://efukt.com/a/reflective-desires/,Mildly Retarded,https://efukt.com/category/mildly-retarded/,,
https://efukt.com/22487_safe_word_fail.html,Safe Word FAIL,"This is what happens when you allow women with less body weight than an anorexic chihuahua cross the line into . Brain cells gets damaged, lives are ruined... all because some asshole couldn't jack his goldfish off in the basement like a normal 47-year-old man.","2,316,067 views",07/08/18,WTF,https://efukt.com/category/wtf/,,,,
https://efukt.com/22480_Alien_Autopsy_A_Porn_Film.html,The Desperate Doctor,My gut instinct tells me the era of slasher movies is dead when the practical effects guys start taking on jobs like this. The Friday the 13th reboot was bad. Cult of Chucky sucked. The new Halloween might work... but nothing can prepare you for this alternate ending to Fire in the Sky.,"1,639,933 views",07/02/18,Horror Porn,https://efukt.com/a/horror-porn/,Bizarre,https://efukt.com/category/bizarre/,,
https://efukt.com/22473_The_Caught_Compilation_4.html,The Caught Compilation 4,"Admittedly these are all pretty standard  plot lines... but dude in the last clip has some explaining to do. Like, this is why I have to wear diapers at 27-years-old kind of explaining.","3,381,484 views",06/25/18,Caught Compilations,https://efukt.com/series/caught-compilations-14/,,,,'i drank 2 entire Coronas on spring break and had sex with a house plant'
https://efukt.com/22466_THE_CERVIX_PUNCHER.html,MILF HATES Her Own Vagina,"Actually, I lied. She's nothing I'd want to fuck, nor is there legitimate contempt for her peter heater. She's  - gifter of original content and cervical prize fighter. Moral of the story: Never underestimate a Russian's pain threshold.","1,529,048 views",06/19/18,Bizarre,https://efukt.com/category/bizarre/,,,https://www.cam4.com/raisawetsx,
https://efukt.com/22462_Drunk_Daddy_Won_t_Wake_Up.html,"""Dad Gave Me Salmonella""","For fuck sakes, there's only 2 things capable of further emasculating a man that is fantasy-banging his meth head daughter. One is knowing you stuck your dick into a family classic, the other is whatever the shit is going on here.","2,012,536 views",06/15/18,Incest,https://efukt.com/category/incest/,,,,
https://efukt.com/22455_Russian_Teens_Sex_Fail.html,Single Worst Camshow in Russia,FORNICATION: It's pretty basic stuff. But for Goober McAutismo over here it might as well be mission impossible. What you're about to see may quite possibly be the worst excuse for sexual entertainment that's ever made it online... and that's coming from someone who sat through all 74 minutes of Edward Penishands. Twice.,"1,893,558 views",06/08/18,Chaturbate,https://efukt.com/a/chaturbate/,Camwhores,https://efukt.com/category/camwhores/,,
https://efukt.com/22448_Most_Fucked_Up_Movie_Ever.html,Australia Banned this Movie,"I don't even know what's worse: $100,000 dollars being sunk into this abhorrent hunk of cinematic shit... or the fact that it blows away the last 4 seasons of The Walking Dead in both action and character development. #bringbackshane","1,203,878 views",06/01/18,Extreme,https://efukt.com/category/extreme/,,,,
https://efukt.com/22443_Porn_Fan_VS_Pornstars.html,You Wanna be a Pornstar? FOR REAL?,Some will click this and see a beautiful human being. Others will acid bath their routers & set themselves on fire knowing they've achieved less vaginal supremacy than a guy commonly mistaken for memory foam. Choose your own destiny.,"1,874,555 views",05/27/18,Hand Job Winner,https://efukt.com/a/hand-job-winner/,LULZ,https://efukt.com/category/lulz/,,
https://efukt.com/22437_Talked_Into_It.html,Talked Into It,"Buried in snippets among hours of gang bang porn is a story. The story of a shy fresh-faced eighteen year old curiously browsing a porn store, and slowly becoming a total whore over the period of few short weeks. Amazing.","4,171,791 views",05/21/18,LULZ,https://efukt.com/category/lulz/,,,,
https://efukt.com/22429_My_Life_Without_A_Cock.html,My Life Without A Cock,"Meet Trent Gates, A self-described 22 year old gay non-binary ""null"" gender powerbottom twink that runs a website that features helpful how to's, info, videos and even an entire community based around cutting off your genitals, .","8,345,880 views",05/13/18,WTF,https://efukt.com/category/wtf/,,,,
https://efukt.com/22423_Cum_Hater_VS_Oral_Gang_Bang.html,Cum-Hater vs Gang-Bang,"Remember that fat crybaby from one of the few episodes of  that didn't involve teenagers giving handjobs in exchange for chicken mcnuggets? She had this uncanny ability to make hundreds of bad decisions in a row. Well, it appears she reproduced.","1,738,181 views",05/09/18,Fail,https://efukt.com/category/fail/,,,,The Maury Show
https://efukt.com/22418_Strawberry_Creme_Pie.html,Blame it on Mother Nature,She's having problems of the ovarian variety and it's about to fuck your day up. My defense? eFukt lacks videos for the female demographic. You already know where this is going.,"1,736,406 views",05/05/18,Nasty,https://efukt.com/category/nasty/,,,,
https://efukt.com/22413_ORGASMS_FROM_HELL.html,Orgasms From Hell,"Easily the most try-hard bogus bullshit performances I've seen since YouTube's 'social experiment' revolution went off the rails. I have to point out though: nobody was injured, student loans were paid and girl #1's convulsions can double as a permanent case study for epilepsy. #win","2,296,851 views",04/30/18,Ridiculous Orgasms,https://efukt.com/series/ridiculous-orgasms-12/,,,,
https://efukt.com/22408_GOONIES_3_CHUNKS_STYLE.html,GOONIES 3: CHUNKS STYLE,This is not a parody or some lame ass fan fiction LARPing weeb shit. This is actually GOONIES 3 (for me at least)... and it's the most wholesomely funny shit I have ever seen in amateur pornography.,"1,715,985 views",04/25/18,Amateur,https://efukt.com/category/amateur/,,,,
https://efukt.com/22402_How_Does_Sexual_Consent_Work.html,How Does Sexual Consent Work?,"Leigh Raven's serious accusations divided much of the porn community, but eFukt has obtained the unedited footage and I'm sharing the truth. ] []","1,874,623 views",04/19/18,Facial Abuse,https://efukt.com/a/facial-abuse/,Documentary,https://efukt.com/category/documentary/,https://mikesouth.com/industry/everything-you-know-about-porn-star-leigh-ravens-charges-of-on-set-abuse-is-wrong-we-have-the-video-22427/,
https://efukt.com/22392_I_Have_2_Vaginas.html,"""I Have 2 Vaginas""","Sad to see how camscamming has gone from ""side gig"" to . Then again... when your target demographic is people that consider hotdog water a cologne, you gotta be ready to adapt. Consider this bitch the Dave Grohl of CamSoda.","1,804,773 views",04/10/18,CamSoda,https://efukt.com/a/camsoda/,Bizarre,https://efukt.com/category/bizarre/,,"""a race to see who can park a Kia Soul up their twat first"""
https://efukt.com/22385_Only_Tokens_Stop_The_Tears.html,"Never Quit, Never Surrender",Entitled Internet hooker has a 6-year-long FML moment after realizing competition in an over-saturated market is a bitch. Fortunately she's great at handling her feelings like an adult. And by  I mean insufferable cunting of the highest order. Famous last words @3:15.,"2,009,287 views",04/03/18,MyFreeCams,https://efukt.com/a/myfreecams/,Camwhores,https://efukt.com/category/camwhores/,,"""adult"""
https://efukt.com/22378_Most_Retarded_Porn_Plots_In_History.html,Most Retarded Porn Plots In History,,"1,813,951 views",03/28/18,WTF,https://efukt.com/category/wtf/,,,,
https://efukt.com/22369_WTF_Moments_In_Pornography_2.html,WTF Moments In Pornography 2,"Five of the most WTF porn moments we could find. A cum covered slut beating up a midget, the first female cumshot caught on film, Tory Lane's broken brain and an innocent question with a very questionable answer.","2,282,853 views",03/20/18,WTF,https://efukt.com/category/wtf/,,,,
https://efukt.com/22362_The_Pump_Master.html,The Pump Master,"Meet Scott Taylor. Today Scott is a well respected porn mogul, but that wasn't always the case. Flashback to the glory years of 1985 and witness the Billy Mays of penis pump salesmen.","1,489,761 views",03/13/18,Mildly Retarded,https://efukt.com/category/mildly-retarded/,,,,
https://efukt.com/22356_DADDY_FUCKS_ME_TO_SAVE_MOMMY.html,Daddy Fucks Me To Save Mommy,"Welcome to the ""Donnie Darko"" of incest porn, where Daddy is either a psychological terrorist and a rapist - or a hero? It's all left up for interpretation.","2,609,213 views",03/08/18,BadDaddyPOV,https://efukt.com/a/baddaddypov/,Incest,https://efukt.com/category/incest/,,
https://efukt.com/22351_Midget_Bullied_Into_Impotence.html,Midget Bullied Into Impotence,"The 70's were a special time in history where no one gave a fuck. Smoking in hospitals, untamed pubes, sexually harassing midgets at the workplace, and faking a cum shot with a limp penis and shampoo? No problem. Nothing was sacred.","1,309,214 views",03/04/18,Vintage,https://efukt.com/category/vintage/,,,,
https://efukt.com/22346_Animal_Trap_VS_Ballz.html,Safety First,"Wow, being an attention whore really came back to bite this one in the taint eh? Hey 1Pac, how about next time you stick to overdosing in the laundry aisle like everyone else and save the social media challenges for likeigiveafuck.com.","1,565,559 views",02/27/18,Extreme,https://efukt.com/category/extreme/,,,,
https://efukt.com/22338_THAT_S_GOTTA_FUCKING_HURT.html,THAT'S GOTTA FUCKING HURT!,"Inspired by scenes from ""Ichi:The Killer"", these producers have reached some sort of new bizarre milestone in adult video.","1,938,866 views",02/20/18,Queen Snake,https://efukt.com/a/queen-snake/,Modifications,https://efukt.com/category/modifications/,,
https://efukt.com/22333_Nazi_Cuck_Porn.html,Nazi Cuck Porn,"I'm not sure what kind of a person scripts a pornography scene about a nazi struck by white guilt and letting a ""jungle bunny"" fuck his racist wife for reparations... but they deserve an award.","1,730,022 views",02/15/18,LULZ,https://efukt.com/category/lulz/,,,,
https://efukt.com/22329_The_Cam_Whore_Awards_2018_Edition.html,The Cam Whore Awards [2018 Edition],"It's that special time where we honor the internet's most stand out virtual hookers. These clips highlight the dangers, struggles and accomplishments of a profession that's sure to be a future premise of a black mirror episode.","1,686,797 views",02/10/18,Camwhores,https://efukt.com/category/camwhores/,,,,
https://efukt.com/22321_19_Years_Old_And_Ruined.html,19-years-old and RUINED,"There's only two people on Earth that should never be caught fishing for brown trouts: Lindsay Lohan in her  phase, and this chick. She's 19, anti-semen and dumber than a mailbox on Sunday. In other words: she was BORN for eFukt.","2,831,430 views",02/05/18,Crack Whore Confessions,https://efukt.com/a/crack-whore-confessions/,Hookers,https://efukt.com/category/hookers/,,'i'll snort Tide Pods'
https://efukt.com/22314_Japans_Got_Talent.html,Japan's Got Talent,"Some ""feels"" I'm glad I will never experience: polio vaccinations, pap smears, and the Simon Cowell of konichiwa porn demanding I  in front of an arena full of r/fedora moderators.","1,748,422 views",01/30/18,R18,https://efukt.com/a/r18/,Asians,https://efukt.com/category/asians/,,GO DEEPER
https://efukt.com/22309_Wrong_Hole_Like_A_Boss.html,Wrong Hole... LIKE A BOSS,"Lulu Love gets an unexpected, unwanted invite to a Turkish bike ride. Likely due to this rectal romeo giving more fucks about where his third supper is coming from than what he's aiming at. In other words: he tried to find da wey and it failed beautifully.","3,076,842 views",01/24/18,HeavyOnHotties,https://efukt.com/a/heavyonhotties/,Wrong Holes,https://efukt.com/series/wrong-holes-15/,,
https://efukt.com/22303_The_Horrors_of_Tumblr.html,TUMBLR Horror Story,"This is kinda disturbing... and I don't mean  like when Dennis Rodman became our ambassador for nuclear warfare. This woman is fragile, deranged and sees more abuse than an EBT card at a New Jersey Casino. I don't know if I should cringe or nominate her for an AVN award.","2,220,941 views",01/18/18,Amateur,https://efukt.com/category/amateur/,,,,haha-distubring
https://efukt.com/22296_I_Am_Very_Intelligent.html,i aM vErY iNteLLiGeNt,"Tori Spelling's Guatemalan tit job, the hole in a Walmart bathroom stall and discounted Hamburger Helper on Craigslist: Three things I'd touch before signing up for story time from Rebel ""my brain is bigger than my butthole"" Lynn ever fucking again.","1,858,372 views",01/12/18,James Deen,https://efukt.com/a/james-deen/,LULZ,https://efukt.com/category/lulz/,,
https://efukt.com/22290_Most_Vile_Girl_On_The_Internet.html,OFFICIAL: The Most Vile Girl on the Internet,"Some women require foreplay to get off. Others, Little Caesars 5 for $5.00. And then there's Jessica Carrboro aka The Crotch Vampire, who takes no less than a scoop of organic strawberry swirl to get moist. I say this with complete sincerity: You're not ready for her.","2,468,640 views",01/06/18,Nasty,https://efukt.com/category/nasty/,,,,
https://efukt.com/22283_biggest_whore_on_youtube.html,Biggest Whore on YouTube,". Maybe you've already heard of her? She's no Alexis Ren. But what she's lacking in personality, genetics and decency, she makes up for in... well, nothing actually. Her tits look like they were bolted on by a blind intern at Lego Land, and I don't know whether to run or rim.","2,644,080 views",01/01/18,Amateur,https://efukt.com/category/amateur/,,,https://www.youtube.com/channel/UCA20sxpsvaQkWH9fZoukWJw,
https://efukt.com/22272_Happy_XMAS_From_eFukt.html,Happy XMAS From eFukt,"Bad judgement and holiday cheer combine forces like John McAffe and discounted hookers. Speaking of the scatmaster himself, he already gave us a gift nobody can top. . When it's 2018, and you're knee deep in Cambodian cornhole island, remember who got you there.","1,797,120 views",12/23/17,LULZ,https://efukt.com/category/lulz/,,,https://twitter.com/officialmcafee/status/941003398215761922,
https://efukt.com/22269_Donnies_Feed_and_Seed.html,Donnie's Feed and Seed,"Around the 1:50 mark she denies a handful of the colonel's secret recipe. Uh uh. If that's her idea of cutting back on carbs, I'd love to know how she celebrates Thanksgiving. But the real question is: How many 2-for-1 Golden Corral coupons does it take to make this transaction possible?","1,580,177 views",12/18/17,Cuckold,https://efukt.com/category/cuckold/,,,,
https://efukt.com/22264_The_Rarest_Fetish_of_All.html,Japan's Final Boss,We drop the bomb  .............  THIS,"1,980,138 views",12/12/17,R18,https://efukt.com/a/r18/,Asians,https://efukt.com/category/asians/,,2017:
https://efukt.com/22257_Cant_Stop_the_Pollock.html,Can't Stop the Pollock,Layin' pipe only has a few rules: 1) Look as little like Harvey Weinstein as possible 2) develop stamina and 3) maintain an erection harder than a bowl of Campbell's tomato soup. Not exactly a difficult list... but this Khokhol is determined to challenge at least 2 key items today. GG NO RE,"2,856,864 views",12/06/17,Podrywacze.pl,https://efukt.com/a/podrywacze-pl/,Amateur,https://efukt.com/category/amateur/,,
https://efukt.com/22248_Inflatable_Butt_Plug_Fail.html,EPIC Butt Plug FAIL,"I like her face. I like her enthusiasm. But above all I like her devotion to commitment. Her borderline absent reaction to an explosive device detonating inside her spincther however, has reinforced my stance on late-term abortions. Like, 35 years late. Toss a token in the abyss via the source link.","2,483,779 views",11/27/17,Siswet19,https://efukt.com/a/siswet19/,Insertions,https://efukt.com/category/insertions/,,
https://efukt.com/22243_READY_AIM_FIRE.html,WARNING: Contents Under Pressure,Undoubtedly the most erotic thing I've seen since responding to an OKCupid message from a girl named . Results were similar if you replace 'cumshot' with 'Hellmans Tartar Sauce'. And 'private affair' with 'Burger King during rush hour'.,"3,535,805 views",11/22/17,MHBHJ,https://efukt.com/a/mhbhj/,Orgasms,https://efukt.com/category/orgasms/,,The Violator
https://efukt.com/22239_Daughter_Tricked_Into_Fisting_Mom.html,Tricked Into Fisting,The Oakland Doorknob. German Knuckle Cake. Mongolian Taco Punching. Not buying Bitcoin when it was 73 cents. It goes by a lotta different names. But the shame... thats always the same.,"2,854,319 views",11/17/17,Girlsway,https://efukt.com/a/girlsway/,Incest,https://efukt.com/category/incest/,,
https://efukt.com/22233_Assimilating_Dicks_With_A_Speech_Impediment.html,Oscar-Worthy Anal,"We're gonna need that statue back, Leo.","1,547,243 views",11/13/17,Gay,https://efukt.com/category/gay/,,,,
https://efukt.com/22226_Bad_Boyfriends_Two.html,Bad Boyfriends 2,"Much like the original Evil Dead trilogy, this goes from  to  pretty damn quick. A taint-punching compilation that can only be truly appreciated by vaping-enthusiasts and those that refuse to listen to Limp Bizkit unless it's on vinyl. []","3,568,926 views",11/08/17,Bad Boyfriends,https://efukt.com/series/bad-boyfriends-20/,,,https://efukt.com/21199_The_Bad_Boyfriends_Compilation.html,Part 1
https://efukt.com/22218_Lobster_Rapes_Girl.html,Lobster Rapes Girl,"If the 1980's taught me something, it's that  goes as long as there's a killer soundtrack behind you. Except this. Not even the renaissance of crack cocaine will be held liable for this shit.","1,292,108 views",11/02/17,Vintage,https://efukt.com/category/vintage/,,,,ANYthing
https://efukt.com/22210_Embarrassing_Moments_In_Cam_Whoring.html,Embarrassing Moments In Cam Whoring,To all 19 active female viewers of this site: Break out the newtons and take some notes. This is what you DON'T DO to avoid becoming official Efukt alumni.,"3,352,622 views",10/25/17,Chaturbate,https://efukt.com/a/chaturbate/,Camwhores,https://efukt.com/category/camwhores/,,
https://efukt.com/22206_Aspiring_Porn_Slut_Ruins_Set.html,Tina's Bad Day,,"2,789,664 views",10/20/17,Wakeup-N-Fuck,https://efukt.com/a/wakeup-n-fuck/,Fail,https://efukt.com/category/fail/,,
https://efukt.com/22199_The_Natalia_Borodina_Video_Uncensored.html,The Uncensored Natalia Borodina Video,,"2,792,610 views",10/13/17,Extreme,https://efukt.com/category/extreme/,,,,
https://efukt.com/22197_The_Impotent_Wanna_Be_Pornstar.html,Cucked by a Pornstar,"Arnost and his 1 inch mosquito bite take a nosedive into humiliation whilst trying to perform in front of a live studio audience. Sorry friendo, but I think it's best you take that CHUD haircut and make your way back to the subreddit you done crawled up out of.","2,284,875 views",10/11/17,Mea Melone Challenge,https://efukt.com/a/mea-melone-challenge/,Fail,https://efukt.com/category/fail/,,
https://efukt.com/22190_The_Bukkake_Hate_Comp.html,The Bukkake Hate Comp,"Nothing spells H-I-G-H M-A-I-N-T-E-N-A-N-C-E like a lady refusing a gift. TEH FACTS: They'll never look at a 2-Liter the same again, tolerance is non-negotiable and getting them to do a sequel? Well... that's about as likely as Lebron James growing a hairline.","2,059,355 views",10/05/17,Premium Bukkake,https://efukt.com/a/premium-bukkake/,Cum Haters,https://efukt.com/series/cum-haters-2/,,
https://efukt.com/22182_HOW_TO_AVERT_A_DEEP_THROAT_DISASTER.html,Calling an Audible,"Perhaps 'audible' is the wrong word to use here, as it suggests this misfit anticipated the scene going any other possible way. She didn't. Trust me. I've been inside a Walmart parking lot on a Friday night - I know what I'm talking about.","2,153,403 views",09/28/17,Throated,https://efukt.com/a/throated/,Fail,https://efukt.com/category/fail/,,
https://efukt.com/22178_The_Cum_Hating_Pornstar.html,World's 1st Cum Hating Pornstar,"Aim for dry ground and let 'er rip. That's been the formula for centuries... until Krystal ""i have standards"" Steal showed up. You see, she has more apathy for body fluids than Paula Deen has for low fat potato chippies. Ever wonder what it would be like if KFC had an all-you-can-eat buffet? That's the kind of  disappointment I'm talking about here.","1,448,287 views",09/24/17,LULZ,https://efukt.com/category/lulz/,,,,'sounds fun but always ends bad'
https://efukt.com/22171_POWER_OF_CAWK.html,POWER OF CAWK,"I feel like this has some deeper meaning than a porn parody of the exorcist. I just awed at it like it was a Salvador Dali painting or some shit, trying to figure out how my existence had brought me to this point.","1,680,263 views",09/18/17,Parody,https://efukt.com/category/parody/,,,,
https://efukt.com/22162_The_Legend_of_Fuckmeat.html,The Living Legend: FUCKMEAT,"There's a thin line between trailer park erotica, and soul-deep emotional trauma. Where that line exists I don't know... but judging by the amount of dollar store tattoos I'm seeing on that body, I'd say this human Hindenburg sure as fuck does.","1,897,186 views",09/10/17,WTF,https://efukt.com/category/wtf/,,,,
https://efukt.com/22154_Drugs_and_Porn_Don_t_Mix.html,Pornstar OD's on Set,Ever wonder how these girls are able to accommodate penises large enough to legally require airbags? HINT: They take painkillers. Lots of 'em. And I'm not talking about the kind that leave you looking like the cover of Alison Arngrim's . (look it up),"2,507,885 views",09/02/17,Fail,https://efukt.com/category/fail/,,,,"“Heeere's Amy"""
https://efukt.com/22148_Babysitter_Betrays_Trust_of_Horny_Dad.html,The Ole' Switcharoony,She's got a secret. And it's not her immigration status.,"2,242,250 views",08/28/17,Tranny,https://efukt.com/category/tranny/,,,,
https://efukt.com/22143_PANIC_AT_THE_BLOWBANG.html,Rookie Has a Panic Attack,This one taught me two things: A) Breaking points are negotiable and B) Any case studies of being on the spectrum and in porn can now be cancelled. Dorkalina's got us covered.,"2,588,410 views",08/24/17,BlowBangGirls,https://efukt.com/a/blowbanggirls/,Cum Haters,https://efukt.com/series/cum-haters-2/,,
https://efukt.com/22138_sADISTIC_DJ_sETS_dANCER_on_fIRE.html,sAdisTic DJ sEtS girL on FIRE!,Apparently this is common in the grottos of Nigeria. I'm not so sure about it's entertainment value though. Some will look at this and see the peak of female empowerment... all I see is a barbecue even Homer fucking Simpson himself would've RSVP to.,"1,745,325 views",08/19/17,WTF,https://efukt.com/category/wtf/,,,,
https://efukt.com/22132_Girlfriend_Of_The_Year.html,Girlfriend Of The Year 2K17,"Bridge piercing, stomach tattoos and the occasional rush to the emergency room for soft tissue damage. May I be so bold to say I haven't seen this level of intensity since .","3,492,401 views",08/13/17,Amateur,https://efukt.com/category/amateur/,,,,The Shining
https://efukt.com/22124_Japanese_Porn_Is_Fucking_Crazy.html,Japanese Porn Is FUCKING CRAZY,You know you're in the golden age of porn when someone consults Michael Bay for their scene. Too bad the novelty of implied homicide wears off pretty quick when you have to multitask cumshots with Die Hard 1.,"2,559,821 views",08/05/17,R18,https://efukt.com/a/r18/,Asians,https://efukt.com/category/asians/,,
https://efukt.com/22118_Sexual_Tourist_Degrades_Filipina_Hookers.html,It’s more fun in the Philippines,This is all but guaranteed to escalate any stereotype you've been lead to believe about the capital of chlamydia. Don't be misled by this man's apathy: Your love of being blood tested more than Charlie Sheen begins here and now.,"2,325,082 views",07/30/17,Hookers,https://efukt.com/category/hookers/,,,,